treatmentid,sampleid,aac_recomputed,ic50_recomputed,ModelID
Sorafenib,CAS-1,0.12350197018076,18.2684041574866,ACH-000464
Sorafenib,KPL-1,0.106311631489379,26.0417474012,ACH-000028
Lapatinib,KPL-1,0.0863139109093374,26.8613273270353,ACH-000028
Sorafenib,MKN1,0.161905331700401,12.6936696536716,ACH-000351
Tipifarnib,MKN1,0.00940913936614034,39.6604999357409,ACH-000351
Tipifarnib,MKN1,0.00572438183201965,45.8220468392405,ACH-000351
Lapatinib,MKN1,0.0389411326581051,24.060356837998,ACH-000351
Sorafenib,253J-BV,0.147871629798402,12.915511342343,ACH-000026
Tipifarnib,253J-BV,0.190350831664585,70.0713657451421,ACH-000026
Tipifarnib,253J-BV,0.0516663446574134,66.6301135985766,ACH-000026
Sorafenib,BFTC-905,0.135262221874391,16.1715010389524,ACH-000802
Tipifarnib,BFTC-905,0.0165431331061037,33.0773388579188,ACH-000802
Sorafenib,BFTC-909,0.130759934844695,14.7888010776714,ACH-000792
Tipifarnib,BFTC-909,0.0428730296374785,75.1007426385809,ACH-000792
Tipifarnib,CADO-ES1,0.374818422059801,0.0814178787569819,ACH-000210
Sorafenib,CAL-29,0.0992778135326535,21.2993034561268,ACH-000142
Tipifarnib,CAL-29,0.0705475396889561,72.4383799083314,ACH-000142
Lapatinib,CAL-29,0.214347073767783,7.3783769451257,ACH-000142
Sorafenib,CAL-62,0.1182404563078,18.1015296372944,ACH-000174
Sorafenib,NMC-G1,0.0606103931669921,36.3669038903932,ACH-000200
Sorafenib,RPMI-7951,0.135438938450641,14.5815255438721,ACH-000348
Tipifarnib,RPMI-7951,0.0701619847757277,25.468840353613,ACH-000348
Lapatinib,RPMI-7951,0.0710641575545564,17.2839222438656,ACH-000348
Tipifarnib,253J,0.0756254680382102,20.4848163201665,ACH-000011
Tipifarnib,253J,0.0718373578938143,39.3036498095748,ACH-000011
Sorafenib,ALL-SIL,0.292436354522538,2.96995668078922,ACH-000105
Tipifarnib,ALL-SIL,0.332217959814869,1.70548789927468,ACH-000105
Sorafenib,HDQ-P1,0.0630983562315058,35.0111787138358,ACH-000643
Sorafenib,SNU-489,0.0527941571631885,40.2145132856309,ACH-000543
Tipifarnib,SNU-489,0.043935224292136,74.7943429511056,ACH-000543
Sorafenib,SNU-626,0.0998304026015705,25.2460563642484,ACH-000370
Tipifarnib,SNU-626,0.0298040605380187,7.03972836842335,ACH-000370
Sorafenib,SNU-738,0.131731037702358,15.8872763544418,ACH-000807
Tipifarnib,SNU-738,0.0104098179082667,38.4564448976034,ACH-000807
Sorafenib,SNU-878,0.184933469709474,9.54331589967829,ACH-000686
Tipifarnib,SNU-878,0.166785601793952,42.5767665732345,ACH-000686
Tipifarnib,SNU-878,0.0566137619349611,26.3768653430306,ACH-000686
Sorafenib,TUHR4TKB,0.0810556402034961,30.280803764717,ACH-000495
Tipifarnib,TUHR4TKB,0.115684909164835,179.267460244602,ACH-000495
Sorafenib,ACC-MESO-1,0.0814490185641775,7.43074291340278,ACH-000086
Tipifarnib,ACC-MESO-1,0.073080726777479,146.411246240473,ACH-000086
Sorafenib,B-CPAP,0.130827027972615,7.22891363745748,ACH-000456
Tipifarnib,B-CPAP,0.159118768944334,14.5411765899413,ACH-000456
Tipifarnib,B-CPAP,0.0287368850463933,32.8257410803752,ACH-000456
Lapatinib,B-CPAP,0.0570780391828022,20.337610848524,ACH-000456
Sorafenib,ECC12,0.0746228445027765,8.25185584069436,ACH-000225
Tipifarnib,ECC12,0.0107462575489926,51.3568096125835,ACH-000225
Tipifarnib,ECC12,7.4508304258413e-4,78.3352546651843,ACH-000225
Lapatinib,ECC12,0.0256793868358062,86.842055917425,ACH-000225
Tipifarnib,JMSU-1,0.227864498575269,9.29128528456055,ACH-000753
Tipifarnib,JMSU-1,0.0849267413376068,18.5386594380825,ACH-000753
Lapatinib,JMSU-1,0.0458039786366288,28.0862214270077,ACH-000753
Tipifarnib,SNU-175,0.367513609778447,1.96160958306501,ACH-000989
Lapatinib,SNU-175,0.544766387439204,0.143103622695983,ACH-000989
Sorafenib,WSU-DLCL2,0.279248804305746,2.0468231397636,ACH-000534
Tipifarnib,WSU-DLCL2,0.236577517408754,4.68730313583496,ACH-000534
Tipifarnib,WSU-DLCL2,0.104426614164475,13.614298558208,ACH-000534
Lapatinib,WSU-DLCL2,0.139061416587682,9.55248728213025,ACH-000534
Sorafenib,23132/87,0.0510098141402746,11.1699822692284,ACH-000948
Tipifarnib,23132/87,0.0502773916744776,21.5180109021968,ACH-000948
Tipifarnib,23132/87,0.0236780533418847,28.9905832661,ACH-000948
Tipifarnib,8305C,0.202747107273443,16.6994185085285,ACH-001306
Tipifarnib,8305C,0.0555084093284234,33.1469326441272,ACH-001306
Lapatinib,8305C,0.0958129724515409,13.3068369771706,ACH-001306
Sorafenib,BHY,0.0287351878941337,14.6180270137029,ACH-000548
Tipifarnib,BHY,0.243109785894879,46.1426844952738,ACH-000548
Tipifarnib,BHY,0.0620359594871792,101.588831597344,ACH-000548
Lapatinib,BHY,0.28509669111206,3.20911280644086,ACH-000548
Lapatinib,GSU,0.0457028478361575,22.1232968702881,ACH-000485
Sorafenib,JIMT-1,0.0472383839986836,13.9984026947966,ACH-000711
Tipifarnib,JIMT-1,0.0318378233800918,37.4187083427386,ACH-000711
Tipifarnib,JIMT-1,0.00616688066678968,44.8693049984302,ACH-000711
Lapatinib,JIMT-1,0.0560210051502757,21.9756528371915,ACH-000711
Sorafenib,KMRC-20,0.0607897264573191,9.92570144134464,ACH-000250
Tipifarnib,KMRC-20,0.123307466651804,4685.04457170329,ACH-000250
Tipifarnib,KMRC-20,0.0216311508025424,102.29273880359,ACH-000250
Lapatinib,KMRC-20,0.0619346165448297,20.2730931430602,ACH-000250
Sorafenib,OUMS-23,0.0464976844132286,11.9960698915187,ACH-000296
Tipifarnib,OUMS-23,0.018494110369811,35.8429669593838,ACH-000296
Tipifarnib,OUMS-23,0.011029028847717,37.7739995284378,ACH-000296
Lapatinib,OUMS-23,0.0849069532365069,14.4918230658904,ACH-000296
Tipifarnib,SNU-1076,0.164369346139807,255.085298688416,ACH-000549
Tipifarnib,SNU-1076,0.0852282442605651,366.467457496346,ACH-000549
Lapatinib,SNU-1076,0.378638847084703,0.919935074246923,ACH-000549
Sorafenib,SNU-1196,0.0531521438810037,12.7496831093357,ACH-000461
Tipifarnib,SNU-1196,0.10780250756888,43.9282541538756,ACH-000461
Tipifarnib,SNU-1196,0.0394315001529804,39.5545890678169,ACH-000461
Lapatinib,SNU-1196,0.127363852556271,25963.2898653824,ACH-000461
Sorafenib,SNU-8,0.0715137254702001,10.1014268834496,ACH-000460
Tipifarnib,SNU-8,0.155936045957594,49.1341692526952,ACH-000460
Lapatinib,SNU-8,0.0517205127150419,20.7022948365228,ACH-000460
Tipifarnib,A-375,0.0378300947647229,23.5927481199192,ACH-000219
Tipifarnib,A-375,0.00735314941456351,42.6620574515523,ACH-000219
Tipifarnib,NCI-H2009,0.00705677047648936,43.172943048449,ACH-000886
Sorafenib,SNU-201,0.0445140681093429,16.482526715289,ACH-000623
Tipifarnib,SNU-201,0.088740868414909,341.870591295653,ACH-000623
Tipifarnib,SUIT-2,0.128676794331659,2123.60124167443,ACH-000652
Tipifarnib,SUIT-2,0.00106387245458993,71.5420355660729,ACH-000652
Tipifarnib,SNU-1079,0.231032121949128,6.32070005421774,ACH-000209
Lapatinib,SNU-1079,0.444698237297244,0.583625085069113,ACH-000209
Tipifarnib,COLO 741,0.0397406893005617,120.883251107342,ACH-000582
Sorafenib,DEL,0.240741394732641,5.26251123068679,ACH-000233
Tipifarnib,DEL,0.243184639008456,2.63947090153941,ACH-000233
Tipifarnib,DEL,0.0354976703293461,24.33594612177,ACH-000233
Lapatinib,DEL,0.0492027512072306,21.2999613761786,ACH-000233
Sorafenib,KP-4,0.200663026159588,6.78205411959602,ACH-000265
Tipifarnib,KP-4,0.173800873922619,18.6646428758532,ACH-000265
Tipifarnib,KP-4,0.0108590144554728,37.9570951823493,ACH-000265
Sorafenib,NCI-H1155,0.213973225504119,6.41920800123419,ACH-000980
Tipifarnib,NCI-H1155,0.175618529574185,8.52771299634433,ACH-000980
Tipifarnib,NCI-H1155,0.0323204040210596,27.943628747744,ACH-000980
Sorafenib,NCI-H1581,0.329156944533328,2.2047455138786,ACH-000015
Tipifarnib,NCI-H1581,0.270924796817271,3.46489999573931,ACH-000015
Tipifarnib,NCI-H1581,0.0730435894808575,22.4957605783476,ACH-000015
Lapatinib,NCI-H1581,0.0518497013249913,23.4283845957385,ACH-000015
Sorafenib,NCI-H2106,0.21381011012857,7.35933247989528,ACH-000904
Tipifarnib,NCI-H2106,0.266299105032341,4.6167871686291,ACH-000904
Tipifarnib,NCI-H2106,0.0353602248130754,24.7023283534099,ACH-000904
Sorafenib,NCI-H358,0.147870908958947,12.8980973481162,ACH-000860
Tipifarnib,NCI-H358,0.203880300862213,6.19968522794367,ACH-000860
Tipifarnib,NCI-H358,0.00816757896249062,41.3711823327626,ACH-000860
Lapatinib,NCI-H358,0.299298900161848,2.20305999857994,ACH-000860
Sorafenib,DLD-1,0.145855787899691,14.422696188213,ACH-001061
Tipifarnib,DLD-1,0.0103936226019481,38.47489132548,ACH-001061
Tipifarnib,DLD-1,0.0039318116206824,50.8210770667597,ACH-001061
Sorafenib,EM-2,0.246289024768796,5.09732120815981,ACH-000295
Tipifarnib,EM-2,0.0927979222751899,13.7518574106768,ACH-000295
Lapatinib,EM-2,0.104291913858782,13.0004602709053,ACH-000295
Sorafenib,JURL-MK1,0.226048163907598,5.99013006695525,ACH-000326
Tipifarnib,JURL-MK1,0.352792389439493,1.06283256701619,ACH-000326
Tipifarnib,JURL-MK1,0.0636506618246569,19.3831635215532,ACH-000326
Lapatinib,JURL-MK1,0.0689227633029518,17.2015193254169,ACH-000326
Sorafenib,KE-37,0.191505869512254,8.87675139658753,ACH-000101
Tipifarnib,KE-37,0.362591890216161,1.24632288582925,ACH-000101
Lapatinib,KE-37,0.144801013176638,9.97788923783994,ACH-000101
Sorafenib,Li-7,0.232085945168223,6.11879365074644,ACH-000471
Tipifarnib,Li-7,0.225099157702883,22.3578622823937,ACH-000471
Tipifarnib,Li-7,0.0968200252655544,30.9717969563235,ACH-000471
Sorafenib,MHH-NB-11,0.18120678025433,9.82157656811862,ACH-000078
Tipifarnib,MHH-NB-11,0.527186744300056,0.102588489269114,ACH-000078
Sorafenib,MOLM-13,0.792780888758723,0.00566901626897334,ACH-000362
Tipifarnib,MOLM-13,0.397344633056085,0.703324899399231,ACH-000362
Tipifarnib,MOLM-13,0.0706722252309451,17.9219807064248,ACH-000362
Lapatinib,MOLM-13,0.149616312247932,9.37778345679591,ACH-000362
Sorafenib,NCI-H1975,0.192824676621443,7.49325998133793,ACH-000587
Tipifarnib,NCI-H1975,0.406647282369054,0.0380904859662646,ACH-000587
Sorafenib,NCI-H28,0.194566561741733,8.32578378331132,ACH-000648
Tipifarnib,NCI-H28,0.246592836503749,4.93043284756971,ACH-000648
Tipifarnib,NCI-H28,0.0375231737159479,204.070703403137,ACH-000648
Sorafenib,BxPC-3,0.16355976441915,12.53057474792,ACH-000535
Tipifarnib,BxPC-3,0.281136925752107,4.38981023852324,ACH-000535
Tipifarnib,BxPC-3,0.0596409661990437,45.4914942690223,ACH-000535
Lapatinib,BxPC-3,0.161275701656836,10.2321462199389,ACH-000535
Sorafenib,CML-T1,0.245387381356124,5.14149868083408,ACH-000920
Tipifarnib,CML-T1,0.359298030497942,1.23014085405065,ACH-000920
Tipifarnib,CML-T1,0.12019714583481,13.2007561217733,ACH-000920
Lapatinib,CML-T1,0.16233729474439,6.65409942413384,ACH-000920
Sorafenib,GSS,0.203201035979046,7.61739059786472,ACH-000746
Tipifarnib,GSS,0.312488593891439,2.58118885511105,ACH-000746
Tipifarnib,GSS,0.0513047208923602,19.9688754784001,ACH-000746
Lapatinib,GSS,0.181919702224864,7.6837628767576,ACH-000746
Sorafenib,LS411N,0.145782004823589,13.7586868040749,ACH-000985
Tipifarnib,LS411N,0.040204030607597,24.9066168427182,ACH-000985
Tipifarnib,LS411N,0.0107511011645593,38.0749401642249,ACH-000985
Sorafenib,LS513,0.158543079204514,11.743869280267,ACH-000007
Tipifarnib,LS513,0.12430602119254,14.0580135389339,ACH-000007
Tipifarnib,LS513,0.032193061493479,25.4695230748582,ACH-000007
Lapatinib,LS513,0.114154442451099,9.5310570735768,ACH-000007
Sorafenib,ONCO-DG-1,0.145256739131724,11.4572896278089,ACH-000013
Tipifarnib,ONCO-DG-1,0.0628267614714954,35.5766105194417,ACH-000013
Tipifarnib,ONCO-DG-1,0.014561651565233,34.5412926588464,ACH-000013
Lapatinib,ONCO-DG-1,0.144792998071187,17.615884445783,ACH-000013
Sorafenib,ONS-76,0.198053121225949,6.11876958219604,ACH-000776
Tipifarnib,ONS-76,0.175272135838684,12.4392495557387,ACH-000776
Tipifarnib,ONS-76,0.0845929648300583,42.4643161154376,ACH-000776
Sorafenib,SK-CO-1,0.147361043066781,13.9480040652863,ACH-000400
Tipifarnib,SK-CO-1,0.168350823453592,8.51817101225534,ACH-000400
Tipifarnib,SK-CO-1,0.00894041834657867,40.2747067942117,ACH-000400
Sorafenib,SW48,0.129884041360059,16.116278995999,ACH-000958
Tipifarnib,SW48,0.461479264297001,0.132052735041498,ACH-000958
Tipifarnib,SW48,0.156682220597725,4.26358072088523,ACH-000958
Lapatinib,SW48,0.373762962261121,1.59633854428794,ACH-000958
Tipifarnib,CFPAC-1,0.0139469241867874,38.7714572403936,ACH-000138
Tipifarnib,HT,0.292299579883657,1.88704703138747,ACH-000914
Tipifarnib,HT,0.138089922860505,8.55400203396841,ACH-000914
Lapatinib,HT,0.110636925995534,14.2370955860811,ACH-000914
Sorafenib,KU-19-19,0.108110326525337,11.1564338094726,ACH-000486
Tipifarnib,KU-19-19,0.10039733408898,433.475277384691,ACH-000486
Tipifarnib,NCI-H1299,0.0731052582466847,43.6538564800375,ACH-000510
Tipifarnib,NCI-H1299,0.0062635854741689,51.2409297899417,ACH-000510
Tipifarnib,NCI-H727,0.097901932853725,42.4908985185887,ACH-000775
Tipifarnib,NCI-H727,0.0126187274152786,37.8870756590315,ACH-000775
Lapatinib,NCI-H727,0.0745309164183804,37.5141809350591,ACH-000775
Tipifarnib,NCO2,0.356932794208822,0.877911805171975,ACH-000076
Sorafenib,OVTOKO,0.0576160473921459,20.5227993881804,ACH-000663
Tipifarnib,OVTOKO,0.129564708590758,106.180085049378,ACH-000663
Tipifarnib,P31/FUJ,0.293960852417914,3.47588727764824,ACH-000770
Tipifarnib,P31/FUJ,0.106344982624281,15.0886521327319,ACH-000770
Lapatinib,P31/FUJ,0.129686837492181,19.5584474842878,ACH-000770
Tipifarnib,RPMI-8402,0.570406302599308,0.00835681627629774,ACH-000636
Tipifarnib,RPMI-8402,0.21199866478554,3.86781063757037,ACH-000636
Lapatinib,RPMI-8402,0.237736394852132,5.44265440129187,ACH-000636
Tipifarnib,SHP-77,0.106502345177388,15.7384964987468,ACH-000790
Tipifarnib,SHP-77,0.0337491033869646,26.1725824194637,ACH-000790
Lapatinib,SHP-77,0.0775877613643561,17.5842879955727,ACH-000790
Sorafenib,SNU-1077,0.0844158603018375,12.905119855457,ACH-000302
Tipifarnib,SNU-1077,0.0549971127613039,27.1074116941279,ACH-000302
Tipifarnib,SNU-1077,0.0214142214916143,32.4360930963027,ACH-000302
Lapatinib,SNU-1077,0.072171572731176,76.5259076324563,ACH-000302
Tipifarnib,SNU-620,0.665251936037199,0.00976405557359829,ACH-000325
Tipifarnib,SNU-620,0.291332540961406,1.19252945181415,ACH-000325
Lapatinib,SNU-620,0.256422590755131,5.14425505425186,ACH-000325
Tipifarnib,SU-DHL-1,0.344140972726948,1.13250790862826,ACH-000664
Tipifarnib,SU-DHL-1,0.111009117135771,11.8722454367316,ACH-000664
Lapatinib,SU-DHL-1,0.154736742053966,7.60168223966308,ACH-000664
Tipifarnib,EHEB,0.203000273346148,9.00097247600125,ACH-000038
Tipifarnib,EHEB,0.0785440191855736,23.6405299236848,ACH-000038
Sorafenib,Ki-JK,0.0766157674065747,14.6646045416901,ACH-000773
Tipifarnib,Ki-JK,0.486050828786052,0.216710890640628,ACH-000773
Tipifarnib,Ki-JK,0.187808188426438,4.33474584658064,ACH-000773
Lapatinib,Ki-JK,0.187401594159236,8.08793598402115,ACH-000773
Tipifarnib,KMM-1,0.091177939617392,7395.83688191269,ACH-000889
Tipifarnib,KMM-1,0.036822778357688,72.7025725448313,ACH-000889
Tipifarnib,LCLC-103H,0.0073544361497763,42.6598911872117,ACH-000627
Tipifarnib,LCLC-103H,0.00205428521689679,60.3749391713149,ACH-000627
Tipifarnib,NCI-H2405,0.262717653981769,7.94875299947134,ACH-000121
Tipifarnib,NCI-H2405,0.0671753158124479,40.4678036689829,ACH-000121
Lapatinib,NCI-H2405,0.231749946454549,38.9402756654537,ACH-000121
Sorafenib,NCI-H650,0.0628524385137259,48.6363165495022,ACH-000945
Tipifarnib,NCI-H650,0.194446995263008,19.4179892155842,ACH-000945
Tipifarnib,OS-RC-2,0.0855634929879575,251.052283139729,ACH-000159
Tipifarnib,OVSAHO,0.146489623919443,46.6595540265462,ACH-000409
Tipifarnib,OVSAHO,0.0398366329120633,39.9021469975377,ACH-000409
Tipifarnib,QGP-1,0.15941206169531,33.0386549440291,ACH-000347
Tipifarnib,QGP-1,0.00380137745599675,57.4710459431699,ACH-000347
Lapatinib,QGP-1,0.325809252481847,9.09171143336821,ACH-000347
Tipifarnib,RL95-2,0.403341098886497,0.963730393084286,ACH-000965
Tipifarnib,RL95-2,0.14723823151673,10.7351812697635,ACH-000965
Lapatinib,RL95-2,0.211327289647011,6.90124592615992,ACH-000965
Tipifarnib,SNU-1041,0.185305673744323,79.5277687195709,ACH-000618
Tipifarnib,SNU-1066,0.232075276869152,51.6688086771803,ACH-000682
Tipifarnib,SNU-213,0.0203156694886514,35.4706316597238,ACH-000266
Sorafenib,8505C,0.208020555607863,7.84940632399293,ACH-001307
Tipifarnib,8505C,0.117302690559,21.4225023761492,ACH-001307
Tipifarnib,8505C,0.0476386402439074,36.7205987543317,ACH-001307
Lapatinib,8505C,0.0532755931474768,1157.91223306135,ACH-001307
Sorafenib,Calu-3,0.189941240816204,9.47508378491049,ACH-000392
Tipifarnib,Calu-3,0.269099335940717,6.13713454385702,ACH-000392
Tipifarnib,Calu-3,0.0823774590812872,27.3298243933928,ACH-000392
Lapatinib,Calu-3,0.383271453021597,0.668694286698806,ACH-000392
Sorafenib,Daoy,0.210106562481484,6.34594933671752,ACH-000211
Tipifarnib,Daoy,0.159021877407517,23.8036355921497,ACH-000211
Sorafenib,GB-1,0.215951386661813,5.69541760625428,ACH-000738
Tipifarnib,GB-1,0.111376656650643,17.6804267595876,ACH-000738
Tipifarnib,GB-1,0.0256667060750354,30.4092247315012,ACH-000738
Sorafenib,NCI-H211,0.239145142061077,5.4903396172435,ACH-000639
Tipifarnib,NCI-H211,0.408708710960151,0.668662439664599,ACH-000639
Sorafenib,SBC-5,0.238654450232325,5.31335948399109,ACH-000670
Tipifarnib,SBC-5,0.0214243259420555,30.1296007212306,ACH-000670
Lapatinib,SBC-5,0.0646734704239212,13667656.6622175,ACH-000670
Sorafenib,SF126,0.181785488852216,10.4012298474538,ACH-000609
Tipifarnib,SF126,0.030720241003889,117.943000214788,ACH-000609
Tipifarnib,SF126,0.0234585456817833,44.8479869916751,ACH-000609
Sorafenib,SNU-119,0.155293096556044,12.7503545577563,ACH-000635
Tipifarnib,SNU-119,0.0589937218418368,20.7691492669471,ACH-000635
Tipifarnib,SNU-119,0.0212300986018575,31.9317277954369,ACH-000635
Lapatinib,SNU-119,0.223539088186412,5.11649401240866,ACH-000635
Tipifarnib,SNU-81,0.610587559552556,0.0277211531542054,ACH-000991
Lapatinib,SNU-81,0.131516949160565,11.0968988612676,ACH-000991
Sorafenib,SNU-182,0.24174216296719,5.86036642403851,ACH-000483
Tipifarnib,SNU-182,0.303176621960832,3.14007516030225,ACH-000483
Lapatinib,SNU-182,0.184199869473173,7.11772270207318,ACH-000483
Sorafenib,TCCSUP,0.147407855724657,15.6260636953821,ACH-000720
Tipifarnib,TCCSUP,0.171120065141661,72.100115119948,ACH-000720
Tipifarnib,TCCSUP,0.0567470374819979,70.3710525292186,ACH-000720
Lapatinib,TCCSUP,0.0503195757877493,25.8304753020148,ACH-000720
Tipifarnib,CAMA-1,0.0513121075365429,40.3326997822577,ACH-000783
Tipifarnib,CAMA-1,0.00492758014962479,47.7765555980375,ACH-000783
Tipifarnib,Detroit 562,0.105511863788081,27.4499595663452,ACH-000207
Tipifarnib,Detroit 562,0.0126306323757755,38.5402671586704,ACH-000207
Lapatinib,Detroit 562,0.120224315175274,7.33055664664612,ACH-000207
Tipifarnib,HEC-1-B,0.158442700870799,40.2538259100881,ACH-000941
Tipifarnib,HEC-1-B,0.0346737319786419,30.4985239234045,ACH-000941
Tipifarnib,Hep 3B2.1-7,0.0557253021973189,26.9979560138508,ACH-000625
Tipifarnib,Hep 3B2.1-7,0.00984525048274377,39.1190286193277,ACH-000625
Lapatinib,Hep 3B2.1-7,0.0435456046163211,14.8374930369455,ACH-000625
Sorafenib,HSC-3,0.0582079390518862,1956.71908526439,ACH-000778
Tipifarnib,HSC-3,0.051896574269947,25.1453022734933,ACH-000778
Tipifarnib,HSC-3,0.00452654196890366,48.9065873562912,ACH-000778
Tipifarnib,SNU-1105,0.0788724469486036,444.54912047791,ACH-000368
Tipifarnib,22Rv1,0.324491155091783,5.72461406476954,ACH-000956
Lapatinib,22Rv1,0.0740994071998381,17.9837292264476,ACH-000956
Tipifarnib,769-P,0.0416909236176333,88.9364513340786,ACH-000411
Tipifarnib,ES-2,0.085882798925693,36.1541307607952,ACH-000906
Tipifarnib,ES-2,0.017228405758422,32.6133693620981,ACH-000906
Tipifarnib,HCC1806,0.0213250927037032,34.5698325129774,ACH-000624
Lapatinib,HCC1806,0.0702301663358154,26.6888579502754,ACH-000624
Sorafenib,HCC1954,0.00269705335228168,112.422541540575,ACH-000859
Tipifarnib,HCC1954,0.203523511146038,97.5954811434232,ACH-000859
Lapatinib,HCC1954,0.346897346276123,1.64751376622172,ACH-000859
Tipifarnib,HPAF-II,0.101099837905201,735.057270249718,ACH-000094
Tipifarnib,HPAF-II,0.00908151281543044,40.7851314955416,ACH-000094
Tipifarnib,KHM-1B,0.306037471925567,3.4425168751126898,ACH-000564
Lapatinib,KHM-1B,0.10053765456546,9.88165926992324,ACH-000564
Tipifarnib,OVISE,0.0236543582944894,51.5226881785865,ACH-000527
Tipifarnib,JVM-3,0.577816758941724,0.0299350480523694,ACH-000346
Lapatinib,JVM-3,0.110982735214226,8.48187250472686,ACH-000346
Tipifarnib,SNU-C2A,0.246075108983618,367.704317505253,ACH-000967
Sorafenib,5637,0.1593432603905,10.0790215812222,ACH-000905
Tipifarnib,5637,0.286914255638593,6.73170382414498,ACH-000905
Lapatinib,5637,0.333385311414384,1.58858322694618,ACH-000905
Sorafenib,CAL-12T,0.145323869814005,12.0259874470638,ACH-000826
Tipifarnib,CAL-12T,0.0576712058562947,39.2963927389016,ACH-000826
Tipifarnib,CAL-12T,0.0147617699867663,36.5790412958115,ACH-000826
Lapatinib,CAL-12T,0.233548610173024,9.49551913972889,ACH-000826
Sorafenib,DMS 79,0.126301466175727,11.4828042074388,ACH-000703
Tipifarnib,DMS 79,0.263545373857964,12.3818924092635,ACH-000703
Tipifarnib,DMS 79,0.0394219432510649,23.1498169334703,ACH-000703
Lapatinib,DMS 79,0.0376265989620942,25.1969095307,ACH-000703
Sorafenib,KE-97,0.209121406641076,6.68906525053133,ACH-000167
Tipifarnib,KE-97,0.3066544372703,1.83005643866853,ACH-000167
Lapatinib,KE-97,0.0456165789153308,22.2896908095665,ACH-000167
Sorafenib,KP-3,0.152796293669964,10.6108060300896,ACH-000108
Sorafenib,KYSE-140,0.176579928897617,11.2085531556644,ACH-000823
Tipifarnib,KYSE-140,0.209604476975561,15.0815788150531,ACH-000823
Tipifarnib,KYSE-140,0.0593593075687476,43.4812607837897,ACH-000823
Lapatinib,KYSE-140,0.312133851849754,1.63855005296596,ACH-000823
Sorafenib,NALM-6,0.220360894110635,6.47472582383967,ACH-000938
Tipifarnib,NALM-6,0.530854849418674,0.118416648236756,ACH-000938
Lapatinib,NALM-6,0.215326254645214,5.50867111782992,ACH-000938
Sorafenib,NUGC-4,0.19548901728463,7.57786919277362,ACH-000674
Tipifarnib,NUGC-4,0.27218407510783,43.5398980224737,ACH-000674
Lapatinib,NUGC-4,0.461474926777554,0.278207890600761,ACH-000674
Sorafenib,TT,0.152169406271345,11.0109280000955,ACH-001321
Tipifarnib,TT,0.138992518021789,24.2955133940518,ACH-001321
Lapatinib,TT,0.157257246947909,9.76312499021002,ACH-001321
Sorafenib,AGS,0.0531722780762842,16.3833051685872,ACH-000880
Tipifarnib,AGS,0.0151094886092361,34.1165053531535,ACH-000880
Sorafenib,HCT 116,0.0418473772018502,15.4341183075815,ACH-000971
Tipifarnib,HCT 116,0.011131810058934,37.6648159027998,ACH-000971
Sorafenib,HEC-108,0.0569182168140132,10.5098668305719,ACH-000990
Tipifarnib,HEC-108,0.0182164731734031,37.6280739903194,ACH-000990
Sorafenib,HEC-59,0.0503896043099747,12.0986613487374,ACH-000994
Tipifarnib,HEC-59,0.085569402953064,22.0758065062916,ACH-000994
Tipifarnib,HEC-59,0.0229057673371917,34.8188192341198,ACH-000994
Sorafenib,HMC-1-8,0.0914889711251958,7.85688671112079,ACH-000721
Tipifarnib,HMC-1-8,0.123376678967385,34.155758862842,ACH-000721
Sorafenib,SUIT-2,0.0407526160657505,14.1650053749194,ACH-000652
Tipifarnib,SUIT-2,0.0986034619669101,774.255575263082,ACH-000652
Tipifarnib,SUIT-2,0.00782887139056897,52.3045426027293,ACH-000652
Lapatinib,HT-29,0.03890735724586,25.885527079726,ACH-000552
Sorafenib,Ishikawa (Heraklio) 02 ER-,0.0457759881803568,12.2165435835556,ACH-000961
Tipifarnib,Ishikawa (Heraklio) 02 ER-,0.0126583835955136,37.5023615020004,ACH-000961
Sorafenib,JHOC-5,0.0479979737917548,15.0077134529513,ACH-000324
Tipifarnib,JHOC-5,0.148343781250163,19.0992144024836,ACH-000324
Sorafenib,KYSE-180,0.0893406274852269,7.92539716588186,ACH-000693
Tipifarnib,KYSE-180,0.0500219431773159,28.2955983501625,ACH-000693
Lapatinib,KYSE-180,0.180996215524978,70.578663027243,ACH-000693
Sorafenib,MHH-ES-1,0.0877509264147033,7.70053315900954,ACH-000391
Tipifarnib,MHH-ES-1,0.329299537499644,2.52291020417166,ACH-000391
Lapatinib,MHH-ES-1,0.12106781325044,10.9725098720266,ACH-000391
Sorafenib,MOR/CPR,0.0521576692327322,13.6488960563901,ACH-000851
Tipifarnib,MOR/CPR,0.0352696725014058,24.410969206677,ACH-000851
Lapatinib,MOR/CPR,0.124772883581283,12.5327489143238,ACH-000851
Sorafenib,NCI-H460,0.12527793422223,11.9281065762078,ACH-000463
Tipifarnib,NCI-H460,0.0227772039055594,300.864880058479,ACH-000463
Tipifarnib,HEC-251,0.0624803504876705,75.9003893902969,ACH-000996
Tipifarnib,HEC-265,0.0110290847921426,37.7739397953041,ACH-000946
Tipifarnib,HEC-265,0.00149703614221266,65.5372619591961,ACH-000946
Tipifarnib,HEC-6,0.172134065875037,30.3130642081548,ACH-000984
Lapatinib,HEC-6,0.0749070120776,1857.70311616482,ACH-000984
Sorafenib,HEL,0.0248131373924648,15.4793546887627,ACH-000004
Tipifarnib,HEL,0.185746638098046,5.95763740106007,ACH-000004
Tipifarnib,HEL,0.0479781948579156,20.7762834577704,ACH-000004
Lapatinib,HEL,0.0468789512287344,21.8763229188645,ACH-000004
Tipifarnib,JHUEM-2,0.393152751754287,0.61855522020589,ACH-000909
Lapatinib,JHUEM-2,0.188836125240539,5.47828418373022,ACH-000909
Tipifarnib,JVM-2,0.404183278339262,1.1319186736653,ACH-000106
Sorafenib,KCL-22,0.0308107498444377,14.2075862107946,ACH-000983
Tipifarnib,KCL-22,0.136341286473099,11.9079035556508,ACH-000983
Lapatinib,KCL-22,0.122074377474979,49.1729320663781,ACH-000983
Sorafenib,KE-39,0.0222990056008169,16.1058964412034,ACH-000507
Tipifarnib,KE-39,0.168320334200016,68.6416417141684,ACH-000507
Tipifarnib,KE-39,0.0626109147820319,129.314335688152,ACH-000507
Lapatinib,KE-39,0.342726752239158,2.35998893806698,ACH-000507
Tipifarnib,KM-H2,0.302027781141491,4.01616021810519,ACH-000815
Tipifarnib,LAMA-84,0.220086670294962,3.95499943630002,ACH-000301
Lapatinib,LAMA-84,0.179089989253314,31.077519923898,ACH-000301
Sorafenib,NCI-H2030,0.0191556445603818,16.9989781725645,ACH-000521
Tipifarnib,NCI-H2030,0.11105693562386,54406.0189467898,ACH-000521
Sorafenib,SNU-719,0.0211062647360513,21.7220859736753,ACH-000898
Tipifarnib,SNU-719,0.254048231791854,75.940230684768,ACH-000898
Tipifarnib,SNU-719,0.062287455910547,82.9722702360575,ACH-000898
Sorafenib,NCI-H1299,0.0565260943447685,12.0041452432289,ACH-000510
Tipifarnib,NCI-H1299,0.258734670293413,4.7942242421891,ACH-000510
Tipifarnib,NCI-H1299,0.0627663214345384,21.1067716815602,ACH-000510
Lapatinib,NCI-H1299,0.0264612282815066,52.1457783540302,ACH-000510
Tipifarnib,HCC1569,0.146460081679634,13.2125403653424,ACH-000930
Tipifarnib,HCC1569,0.0284401498247767,31.1537033490673,ACH-000930
Sorafenib,KLE,0.120983005533382,20.4363729549052,ACH-000293
Tipifarnib,KLE,0.173543650332037,35126595.0947845,ACH-000293
Tipifarnib,KLE,0.0748037234376933,79.4519637962954,ACH-000293
Lapatinib,KLE,0.0340567631876067,248042.33406442,ACH-000293
Sorafenib,KMS-26,0.359027662451973,1.27227497150416,ACH-000588
Tipifarnib,KMS-26,0.736807499766715,0.0115771671253412,ACH-000588
Tipifarnib,KMS-26,0.34209487904871,0.904208795777462,ACH-000588
Lapatinib,KMS-26,0.173957640467032,9.18309017747831,ACH-000588
Sorafenib,KMS-27,0.186243090459525,9.58489802596691,ACH-000576
Tipifarnib,KMS-27,0.334368392573424,3.77490527496192,ACH-000576
Tipifarnib,KMS-27,0.11112577102431,13.8004694564674,ACH-000576
Lapatinib,KMS-27,0.0655998255146483,21.9760961698884,ACH-000576
Sorafenib,NCI-H1838,0.117696212836566,19.2512891397076,ACH-000733
Tipifarnib,NCI-H1838,0.0875067058920845,22.3979259328319,ACH-000733
Tipifarnib,NCI-H1838,0.0431134587313314,34.7314879552693,ACH-000733
Lapatinib,NCI-H1838,0.104022130316745,19.3955548538211,ACH-000733
Sorafenib,NCI-H196,0.0711099778708457,34.5624330146404,ACH-000752
Tipifarnib,NCI-H196,0.122979931896844,39632.7355210121,ACH-000752
Lapatinib,NCI-H196,0.0077578415439409,42.8525467227346,ACH-000752
Sorafenib,NCI-H292,0.126267289124474,16.7425071437154,ACH-001075
Tipifarnib,NCI-H292,0.147615978194379,31.8118106241951,ACH-001075
Tipifarnib,NCI-H292,0.0391451360926738,41.1508109696694,ACH-001075
Lapatinib,NCI-H292,0.181183006871683,96.4237509034243,ACH-001075
Sorafenib,SK-MEL-1,0.211063599843128,6.38317072712693,ACH-000465
Tipifarnib,SK-MEL-1,0.0639058723670623,113.911398850587,ACH-000465
Lapatinib,SK-MEL-1,0.0216928954689798,16.267622185082,ACH-000465
Sorafenib,HCC1937,0.0862149286063759,29.5451606882458,ACH-000223
Tipifarnib,HCC1937,0.0771823736429163,157.321193053998,ACH-000223
Lapatinib,HCC1937,0.0885664180603706,21.9073049209245,ACH-000223
Sorafenib,HDLM-2,0.162200965865736,12.3810655335457,ACH-000267
Tipifarnib,HDLM-2,0.309984816217207,2.8865920925394,ACH-000267
Tipifarnib,HDLM-2,0.135696926609521,14.2115847087262,ACH-000267
Lapatinib,HDLM-2,0.159661581763068,8.21263104361566,ACH-000267
Sorafenib,MV4-11,0.885902244112524,0.00288871981464139,ACH-000045
Tipifarnib,MV4-11,0.559045658783994,0.0742717481690919,ACH-000045
Tipifarnib,MV4-11,0.211781089682974,3.05088856663869,ACH-000045
Lapatinib,MV4-11,0.202155787547078,8.74185422899438,ACH-000045
Sorafenib,NCI-H526,0.140138815350016,13.205243267638,ACH-000767
Tipifarnib,NCI-H526,0.240157121795814,8.19681206810669,ACH-000767
Tipifarnib,NCI-H526,0.136022695937677,297.478927940187,ACH-000767
Sorafenib,NCI-H69,0.170431289506011,9.43726543907364,ACH-000358
Tipifarnib,NCI-H69,0.110069084273793,16.773486738617,ACH-000358
Lapatinib,NCI-H69,0.14296136969949,14.5826778632164,ACH-000358
Sorafenib,NCI-H929,0.180619975264171,9.95797149514055,ACH-000050
Tipifarnib,NCI-H929,0.315017306023534,3.34001024965303,ACH-000050
Tipifarnib,NCI-H929,0.139498332884626,9.62893132300307,ACH-000050
Lapatinib,NCI-H929,0.0228880843532454,30.162098854493,ACH-000050
Sorafenib,NCI-N87,0.193977669244203,9.2743760950481,ACH-000427
Tipifarnib,NCI-N87,0.335823660818636,0.895805628568737,ACH-000427
Lapatinib,NCI-N87,0.644346052706154,0.0656395681341563,ACH-000427
Sorafenib,PF-382,0.191975712860169,8.76834630040588,ACH-000937
Tipifarnib,PF-382,0.494824076484247,0.120638778353425,ACH-000937
Tipifarnib,PF-382,0.168061715203643,5.03779270867004,ACH-000937
Lapatinib,PF-382,0.148729838381708,7.09695324432336,ACH-000937
Sorafenib,SNU-1272,0.13242053413129,13.4717404348202,ACH-000513
Tipifarnib,SNU-1272,0.01625889577095,35.0280267082373,ACH-000513
Tipifarnib,SNU-1272,0.0174344063951696,34.8221590548024,ACH-000513
Sorafenib,SNU-308,0.0949587179094211,23.7246642311215,ACH-000141
Tipifarnib,SNU-308,0.0298322894567833,39.8611489104692,ACH-000141
Lapatinib,SNU-308,0.264582703018769,3.13537032012455,ACH-000141
Sorafenib,SNU-478,0.160816028271944,11.6394098391825,ACH-000377
Tipifarnib,SNU-478,0.139561739496104,22.8491732116465,ACH-000377
Tipifarnib,SNU-478,0.0510581765176381,33.0571112601626,ACH-000377
Lapatinib,SNU-478,0.373334513648111,1.013220497986,ACH-000377
Sorafenib,BHT-101,0.0192101651065004,36.9221010811211,ACH-000191
Tipifarnib,BHT-101,0.10017055471747,61.5592658063152,ACH-000191
Tipifarnib,BHT-101,0.0415004647930113,802.916624098841,ACH-000191
Lapatinib,BHT-101,0.0389055481565067,24.1474118036966,ACH-000191
Tipifarnib,CAL-148,0.46060181113803,0.159656425035872,ACH-000902
Lapatinib,CAL-148,0.064464958930179,166.482162012858,ACH-000902
Sorafenib,CAL-51,0.0191028442502134,26.9835307623473,ACH-000856
Tipifarnib,CAL-51,0.167865761742353,29.5491463141499,ACH-000856
Tipifarnib,CAL-51,0.0413687237126446,39.0934483316432,ACH-000856
Tipifarnib,HCC1395,0.184586025290644,25.5357280705559,ACH-000699
Tipifarnib,HCC1395,0.068751343173748,32.5676313604001,ACH-000699
Lapatinib,HCC1395,0.0952022154595655,13.8588405162429,ACH-000699
Tipifarnib,HT115,0.259316567817732,4.78995589482391,ACH-000986
Tipifarnib,HT115,0.0878788304865183,16.4986595868753,ACH-000986
Lapatinib,HT115,0.335444661647442,0.66589586489591,ACH-000986
Tipifarnib,LN-18,0.0385846092801922,23.3612419551196,ACH-000819
Tipifarnib,LN-18,0.0341258358627005,24.794201152792,ACH-000819
Lapatinib,LN-18,0.106656157920443,15.6041322379015,ACH-000819
Tipifarnib,LN-229,0.124003469297274,22.9113979746546,ACH-000595
Tipifarnib,LN-229,0.0284111398458879,30.3337314075834,ACH-000595
Lapatinib,LN-229,0.0608276456570516,37.7004228053797,ACH-000595
Tipifarnib,NCI-H1734,0.278728438411863,4.41871375305224,ACH-000675
Tipifarnib,NCI-H1734,0.0350042341448757,28.1358350377165,ACH-000675
Lapatinib,NCI-H1734,0.244892822644116,4.61463063531398,ACH-000675
Tipifarnib,NCI-H2291,0.047856395749066,44.6860589262631,ACH-000718
Lapatinib,NCI-H2291,0.119056112226873,12.2830743339081,ACH-000718
Sorafenib,RERF-LC-Ad1,0.00532044182582948,25.0432212654909,ACH-000791
Tipifarnib,SNU-1214,0.371800991922488,1.92047116705096,ACH-000715
Tipifarnib,SNU-1214,0.108897245444647,14.9213272673158,ACH-000715
Lapatinib,SNU-1214,0.312140907833855,1.24932389422602,ACH-000715
Tipifarnib,SNU-46,0.191353636047075,14.4256641095802,ACH-000500
Tipifarnib,SNU-46,0.095331280569685,22.0831917970464,ACH-000500
Tipifarnib,SNU-466,0.205021063152178,8.01801847220883,ACH-000289
Tipifarnib,SNU-466,0.0445335990605612,21.6667633103253,ACH-000289
Lapatinib,SNU-466,0.118975037804096,12.3280499687244,ACH-000289
Tipifarnib,SNU-5,0.260048683970077,9.20701153444277,ACH-000303
Tipifarnib,SNU-5,0.079984951664865,27.122547491998102,ACH-000303
Lapatinib,SNU-5,0.114847909995492,188.956133846486,ACH-000303
Sorafenib,SNU-668,0.0448142552741294,13.0751038742656,ACH-000344
Tipifarnib,SNU-668,0.166322579428372,48.3876182175216,ACH-000344
Tipifarnib,SNU-668,0.0156065901909751,35.9222828833496,ACH-000344
Lapatinib,SNU-668,0.0829073389942453,16.6001752912426,ACH-000344
Sorafenib,SNU-899,0.0342975983345711,14.4494579916342,ACH-000692
Tipifarnib,SNU-899,0.0835918176745143,260.77206907474,ACH-000692
Tipifarnib,SNU-899,0.00424781302371564,49.7641420783227,ACH-000692
Lapatinib,SNU-899,0.0674272383975512,21.3491314097674,ACH-000692
Sorafenib,TE-10,0.0252785179236118,15.5012349376442,ACH-000318
Tipifarnib,TE-10,0.144325394820152,25.4134793830358,ACH-000318
Tipifarnib,TE-10,0.0428260156329826,32.9177574674803,ACH-000318
Lapatinib,TE-10,0.154074520304625,42.1931245975368,ACH-000318
Sorafenib,TE-4,0.128200778480244,18.5389122386664,ACH-000917
Tipifarnib,TE-4,0.0837854307424555,27.362210018017,ACH-000917
Lapatinib,TE-4,0.356702548621186,1.79361165710471,ACH-000917
Sorafenib,TE-9,0.0495683007518724,14.5704719155676,ACH-000694
Tipifarnib,TE-9,0.039559791747853,33.2373419608579,ACH-000694
Tipifarnib,TE-9,0.00946694335089981,39.5871369684673,ACH-000694
Lapatinib,TE-9,0.0747337919561123,20.3128254624787,ACH-000694
Tipifarnib,YD-10B,0.26876140196006,9.96982043516799,ACH-000723
Tipifarnib,YD-10B,0.0523152383227144,30.3949335310769,ACH-000723
Lapatinib,YD-10B,0.527280113731066,0.142988683415798,ACH-000723
Sorafenib,YD-15,0.0222205789356059,16.1265693317669,ACH-000836
Tipifarnib,YD-15,0.17591073827962,58.5690311920144,ACH-000836
Tipifarnib,YD-15,0.0274775877323409,48.8662541498607,ACH-000836
Lapatinib,YD-15,0.281753501804664,2.68011212119785,ACH-000836
Sorafenib,YD-38,0.0259639778837473,18.8472994724902,ACH-000762
Tipifarnib,YD-38,0.0319787850877895,27.6510451318761,ACH-000762
Tipifarnib,YD-38,0.00567324611028552,45.9376546679577,ACH-000762
Lapatinib,YD-38,0.389008544678561,0.780485351316768,ACH-000762
Sorafenib,KNS-60,0.210590847358902,6.44315891253441,ACH-000445
Tipifarnib,KNS-60,0.151523012177022,33.937467409281,ACH-000445
Sorafenib,KNS-81,0.127548272425512,18.0147486660102,ACH-000479
Sorafenib,NCI-H2228,0.193437713082057,7.20276756168839,ACH-000447
Tipifarnib,NCI-H2228,0.192704792964376,32.9688367401565,ACH-000447
Lapatinib,NCI-H2228,0.019930603679003,33.1366889455881,ACH-000447
Sorafenib,NCI-H2452,0.187911250240258,9.92141099475614,ACH-000092
Tipifarnib,NCI-H2452,0.227336804933143,113.050807370239,ACH-000092
Lapatinib,NCI-H2452,0.115888522140094,13.7935787454777,ACH-000092
Tipifarnib,NCI-H2444,0.0563586757216019,18.2922228606772,ACH-000186
Sorafenib,NCI-H226,0.183128147920646,7.01023970662674,ACH-000367
Tipifarnib,NCI-H226,0.0631336819158459,107.559822920284,ACH-000367
Sorafenib,PC-14,0.171258708568748,11.4428175015269,ACH-000030
Tipifarnib,PC-14,0.116250862241624,117.423084655048,ACH-000030
Sorafenib,RS4;11,0.169509725013005,11.5766256919421,ACH-000874
Tipifarnib,RS4;11,0.372934789119706,1.17427483231635,ACH-000874
Tipifarnib,RS4;11,0.127504181404861,14.2842820141112,ACH-000874
Sorafenib,SJSA-1,0.158962053583101,15.0823886324944,ACH-000748
Tipifarnib,SJSA-1,0.180882178464183,155.016075747626,ACH-000748
Tipifarnib,SJSA-1,0.0178521235962252,47.2852915750637,ACH-000748
Lapatinib,SJSA-1,0.061934772705134,20.0427470781222,ACH-000748
Sorafenib,SK-MM-2,0.145590832735338,13.793013163178,ACH-000363
Tipifarnib,SK-MM-2,0.348039999576486,4.29065267720147,ACH-000363
Tipifarnib,SK-MM-2,0.023611094594028,29.0228539899717,ACH-000363
Tipifarnib,SNU-761,0.224947489834606,14.5135671865746,ACH-000537
Tipifarnib,SNU-761,0.111345400214171,21.2014321400693,ACH-000537
Lapatinib,SNU-761,0.207573402611442,5.4615929754791,ACH-000537
Sorafenib,SU.86.86,0.185994024369347,7.72392253075327,ACH-000114
Tipifarnib,SU.86.86,0.0198614880756658,31.8739455802967,ACH-000114
Tipifarnib,SU.86.86,0.00575510195637224,45.7531724754597,ACH-000114
Lapatinib,SU.86.86,0.0668003912353543,29.057007334648,ACH-000114
Tipifarnib,TE-6,0.166376817600836,9.40630139664952,ACH-000605
Tipifarnib,TE-6,0.0499952516315427,28.125250040433,ACH-000605
Lapatinib,TE-6,0.210110045306726,4.30220513629897,ACH-000605
Sorafenib,TE-8,0.192996661413504,7.42379290787994,ACH-000452
Tipifarnib,TE-8,0.197170838180912,53.8181901159825,ACH-000452
Lapatinib,TE-8,0.25283668196412,54.5955360035675,ACH-000452
Sorafenib,ECC10,0.176458631324743,9.74710209031178,ACH-000560
Tipifarnib,ECC10,0.541412911392099,0.389398182616916,ACH-000560
Tipifarnib,ECC10,0.104812864929505,12.352983976742,ACH-000560
Sorafenib,HPB-ALL,0.126700922142435,18.2485970582797,ACH-000942
Tipifarnib,HPB-ALL,0.596398335700641,0.100622666889953,ACH-000942
Tipifarnib,HPB-ALL,0.163911768004278,4.7315477248872,ACH-000942
Lapatinib,HPB-ALL,0.0861825659291893,17.5642261954942,ACH-000942
Sorafenib,KMS-12-BM,0.241860225415886,4.93016936869109,ACH-000380
Tipifarnib,KMS-12-BM,0.639401944297697,0.111589857954669,ACH-000380
Tipifarnib,KMS-12-BM,0.231373214960044,3.21038558859933,ACH-000380
Lapatinib,KMS-12-BM,0.236049399803544,4.56181351254924,ACH-000380
Sorafenib,KMS-28BM,0.1875358253023,7.37348143646719,ACH-000419
Tipifarnib,KMS-28BM,0.393460484725968,3.94769909027849,ACH-000419
Sorafenib,KMS-34,0.252910506717959,4.49883898758876,ACH-000541
Tipifarnib,KMS-34,0.469642798260629,0.987745100547548,ACH-000541
Tipifarnib,KMS-34,0.180360698671321,3.78964430072446,ACH-000541
Lapatinib,KMS-34,0.292440549261346,3.04296577623906,ACH-000541
Sorafenib,KYO-1,0.212901867416291,6.35886266581628,ACH-000604
Tipifarnib,KYO-1,0.353824074828911,2.85257004204142,ACH-000604
Tipifarnib,KYO-1,0.0411960287924793,29.6476049741374,ACH-000604
Lapatinib,KYO-1,0.197617478583601,194.737732805174,ACH-000604
Sorafenib,NCI-H1650,0.12546035375358,20.7793517044443,ACH-000035
Tipifarnib,NCI-H1650,0.178281860571166,77.4790334063028,ACH-000035
Tipifarnib,NCI-H1650,0.0441086615173815,35.2278280230489,ACH-000035
Lapatinib,NCI-H1650,0.208232456086583,78989.5396509115,ACH-000035
Sorafenib,NCI-H446,0.220586875456306,5.60358064497946,ACH-000800
Tipifarnib,NCI-H446,0.372069852005993,3.90588136148743,ACH-000800
Tipifarnib,NCI-H446,0.0897704340169974,18.4191250337577,ACH-000800
Lapatinib,NCI-H446,0.117911346043272,11.4515959188954,ACH-000800
Sorafenib,REC-1,0.168812533735572,11.1562128694073,ACH-000068
Tipifarnib,REC-1,0.078390736961874,33.0280469304676,ACH-000068
Tipifarnib,REC-1,0.065888070241404,24.1656829095019,ACH-000068
Lapatinib,REC-1,0.131826944088676,17.3105274679609,ACH-000068
Sorafenib,SNU-410,0.163845242242157,20.7989702524218,ACH-000517
Tipifarnib,SNU-410,0.230419158424122,95.3616531231488,ACH-000517
Tipifarnib,SNU-410,0.06978101683402,30.4844381129302,ACH-000517
Sorafenib,SNU-886,0.255702175414848,3.53572700550007,ACH-000316
Sorafenib,SUP-T11,0.177437015098617,10.1639339636272,ACH-000122
Tipifarnib,SUP-T11,0.461542265296857,1.10435257998736,ACH-000122
Tipifarnib,SUP-T11,0.127496416809005,10.1453205603369,ACH-000122
Lapatinib,SUP-T11,0.141618327417764,9.31594310187115,ACH-000122
Tipifarnib,SW1116,0.387162422451238,4.03011774238744,ACH-000489
Tipifarnib,SW1116,0.0506924365570117,20.8200835570907,ACH-000489
Sorafenib,YD-8,0.131514431756446,17.9482030052148,ACH-000630
Tipifarnib,YD-8,0.313877083367836,24.1719926495902,ACH-000630
Tipifarnib,YD-8,0.0716516972161043,41.4916957218034,ACH-000630
Lapatinib,YD-8,0.0968151735684232,14.1233992427904,ACH-000630
Tipifarnib,CHP-126,0.245268241198279,24.7776089776772,ACH-000136
Tipifarnib,CHP-126,0.0351389238569313,36.1599591367698,ACH-000136
Lapatinib,CHP-126,0.01827234725922,32.7289309468721,ACH-000136
Sorafenib,CAL-51,0.0727665641900021,19.5502747286386,ACH-000856
Tipifarnib,CAL-51,0.211029451532801,27.5248305934611,ACH-000856
Tipifarnib,CAL-51,0.0342005668262633,51.2376581687494,ACH-000856
Lapatinib,CAL-51,0.0325233234740135,31.3890154134829,ACH-000856
Sorafenib,Hs 944.T,0.179464467067173,5.15851421572142,ACH-000632
Tipifarnib,Hs 944.T,0.295812107299626,6.88972520937211,ACH-000632
Tipifarnib,Hs 944.T,0.032389721460733,25.3991177235496,ACH-000632
Lapatinib,Hs 944.T,0.0601258365781484,21.1293011512543,ACH-000632
Tipifarnib,L-540,0.356388133143675,2.59369679471433,ACH-000806
Tipifarnib,L-540,0.054226834346857,21.052078685954,ACH-000806
Lapatinib,L-540,0.074487951553699,17.6513470943196,ACH-000806
Sorafenib,LOU-NH91,0.0450867184871716,22.8925406088518,ACH-000176
Tipifarnib,LOU-NH91,0.213942573983976,674.284670669016,ACH-000176
Tipifarnib,LOU-NH91,0.0209167630250364,45.9570222289191,ACH-000176
Lapatinib,LOU-NH91,0.140190258623123,115.523916982722,ACH-000176
Tipifarnib,MOLM-6,0.503272354162688,0.700432848674551,ACH-000321
Tipifarnib,MOLM-6,0.122526867185788,10.2905822427477,ACH-000321
Lapatinib,MOLM-6,0.141452717807334,16.613221168236,ACH-000321
Sorafenib,MOLT-16,0.127292854295359,10.0761963300073,ACH-000918
Tipifarnib,MOLT-16,0.647626624047712,0.175909318378287,ACH-000918
Tipifarnib,MOLT-16,0.15789715731834,4.25410505903482,ACH-000918
Lapatinib,MOLT-16,0.150252609753439,6.66634592260982,ACH-000918
Sorafenib,NCI-H889,0.134420067685472,9.24101425729422,ACH-000297
Tipifarnib,NCI-H889,0.230880607025369,10.7793421492205,ACH-000297
Tipifarnib,NU-DUL-1,0.466414812595289,1.0235905801464,ACH-000287
Tipifarnib,NU-DUL-1,0.091034663255209,14.3392480834638,ACH-000287
Lapatinib,NU-DUL-1,0.137250723716212,9.50232178865726,ACH-000287
Tipifarnib,RCH-ACV,0.390069065265807,2.67483865040091,ACH-000922
Tipifarnib,RCH-ACV,0.0911371234120683,15.740699811483,ACH-000922
Lapatinib,RCH-ACV,0.0857554012003353,15.9216837672134,ACH-000922
Tipifarnib,TUHR10TKB,0.0522154903929012,24.2904965822384,ACH-000459
Tipifarnib,FU-OV-1,0.0811843212293814,34.5193802006011,ACH-000574
Tipifarnib,FU-OV-1,0.0105743102980184,38.27086811894,ACH-000574
Tipifarnib,JK-1,0.509876303085331,0.500399935303096,ACH-000241
Tipifarnib,JK-1,0.171779170267357,8.08537463482364,ACH-000241
Lapatinib,JK-1,0.104033800477973,19.6857500272637,ACH-000241
Tipifarnib,MHH-CALL-4,0.24024198031987,9.71446276860268,ACH-000156
Tipifarnib,MHH-CALL-4,0.0588388983557325,22.7535764670968,ACH-000156
Sorafenib,MSTO-211H,0.232467358465579,2.54829674797935,ACH-000335
Tipifarnib,MSTO-211H,0.55616682707475,0.362223318214668,ACH-000335
Tipifarnib,MSTO-211H,0.307492245411981,1.67135223417377,ACH-000335
Sorafenib,NCI-H661,0.088595628879939,6.7918366130307,ACH-000853
Tipifarnib,NCI-H661,0.149641867706769,13.9497116446255,ACH-000853
Tipifarnib,NCI-H661,0.0729845353649122,28.7622772271821,ACH-000853
Lapatinib,NCI-H661,0.183844834592391,6.80036441958185,ACH-000853
Tipifarnib,P3HR-1,0.0779931891556593,30.1427581014325,ACH-000707
Tipifarnib,SU-DHL-10,0.405876794790376,1.03549206268222,ACH-000271
Tipifarnib,SU-DHL-10,0.0947631907062767,15.181847429968,ACH-000271
Lapatinib,SU-DHL-10,0.0776106204038326,27.9127625782926,ACH-000271
Sorafenib,SU-DHL-8,0.105841101506819,24.6487037507525,ACH-000656
Tipifarnib,SU-DHL-8,0.595142237607999,0.197651143323008,ACH-000656
Tipifarnib,SU-DHL-8,0.182142327465635,3.44826121075082,ACH-000656
Lapatinib,SU-DHL-8,0.0949897722288354,19.5067612129209,ACH-000656
Sorafenib,A2780,0.252010704544731,4.01313755431702,ACH-000657
Tipifarnib,A2780,0.506929408141874,0.116550617464084,ACH-000657
Tipifarnib,A2780,0.215000983236567,4.31445989657439,ACH-000657
Lapatinib,A2780,0.0890654092944354,11.6801297410865,ACH-000657
Sorafenib,CL-11,0.159033452525397,14.1844181797597,ACH-000249
Tipifarnib,CL-11,0.227204410428741,12.6743319959559,ACH-000249
Lapatinib,CL-11,0.0725236107990287,21.8936107495408,ACH-000249
Sorafenib,KYSE-410,0.187544099760015,9.20779228205173,ACH-000809
Tipifarnib,KYSE-410,0.0903513468504861,18.4585470098451,ACH-000809
Tipifarnib,KYSE-410,0.0312084185389591,58.2053194320462,ACH-000809
Lapatinib,KYSE-410,0.218283519092143,5.07198926672647,ACH-000809
Sorafenib,LCLC-97TM1,0.0819682513365739,27.4839394579986,ACH-000596
Tipifarnib,LCLC-97TM1,0.200483595509584,58.0983135882073,ACH-000596
Tipifarnib,LCLC-97TM1,0.128191544486397,658.116612589849,ACH-000596
Sorafenib,MOLP-2,0.0758525678617677,31.8758938653566,ACH-000453
Tipifarnib,MOLP-2,0.0880042312165007,53.6215062262895,ACH-000453
Sorafenib,NCI-H1355,0.19930885078308,6.28620781214404,ACH-000666
Tipifarnib,NCI-H1355,0.155084350956679,12.1351157611004,ACH-000666
Tipifarnib,NCI-H1355,0.100820574078189,18.8199857334682,ACH-000666
Lapatinib,NCI-H1355,0.0772725930105803,22.8112527703959,ACH-000666
Sorafenib,NCI-H1573,0.254584692438364,4.35361182578072,ACH-000916
Tipifarnib,NCI-H1573,0.127533773097537,13.3178191721186,ACH-000916
Tipifarnib,NCI-H1573,0.24610863106959,21.3166746043269,ACH-000916
Sorafenib,NCI-H1666,0.344145600087325,2.34654622633301,ACH-000448
Tipifarnib,NCI-H1666,0.289762432364078,3.52371028986859,ACH-000448
Tipifarnib,NCI-H1666,0.134500319138027,10.7844938957122,ACH-000448
Lapatinib,NCI-H1666,0.413555620816685,0.961603553184814,ACH-000448
Sorafenib,NCI-H2087,0.315968424506791,2.35943473186733,ACH-000841
Tipifarnib,NCI-H2087,0.346608311116368,2.75709375266424,ACH-000841
Tipifarnib,NCI-H2087,0.159229910568522,9.23045842232397,ACH-000841
Lapatinib,NCI-H2087,0.125154000756204,13.0758542918077,ACH-000841
Tipifarnib,OCUM-1,0.0764036494153817,26.6293578505158,ACH-000247
Lapatinib,OCUM-1,0.123239486672903,13.1305621412445,ACH-000247
Sorafenib,KALS-1,0.0926884084036422,29.4672711498387,ACH-000231
Tipifarnib,KALS-1,0.0828630951579165,47.23254428685,ACH-000231
Tipifarnib,KALS-1,0.0143009574749229,56.9451234938421,ACH-000231
Sorafenib,BV-173,0.19278660829841,7.14402650383414,ACH-000432
Tipifarnib,BV-173,0.420415346034468,0.179667482085178,ACH-000432
Tipifarnib,BV-173,0.190178726806198,4.03670518310541,ACH-000432
Lapatinib,BV-173,0.142887283739429,16.6995558443544,ACH-000432
Sorafenib,CAL-78,0.108069303015901,24.7724976127397,ACH-000516
Tipifarnib,CAL-78,0.148855330589935,61.0158922826469,ACH-000516
Tipifarnib,CAL-78,0.0771018662398584,60.4775478120372,ACH-000516
Lapatinib,CAL-78,0.0238687286855706,29.6845114322602,ACH-000516
Sorafenib,EPLC-272H,0.111671438758473,21.683963842933,ACH-000585
Tipifarnib,EPLC-272H,0.270725087957817,23.0588619318385,ACH-000585
Lapatinib,EPLC-272H,0.186773676099516,41.1996014984911,ACH-000585
Sorafenib,KM12,0.19827623734093,5.98856334941728,ACH-000969
Tipifarnib,KM12,0.169096131956383,7.21294611598178,ACH-000969
Tipifarnib,KM12,0.0417497985692841,24.6566608430735,ACH-000969
Lapatinib,KM12,0.0276180063074917,28.0212014679609,ACH-000969
Sorafenib,KMS-11,0.288886256965043,3.45768550722447,ACH-000714
Tipifarnib,KMS-11,0.379295872830091,1.11490923094669,ACH-000714
Tipifarnib,KMS-11,0.205064377726318,7.49108055624457,ACH-000714
Lapatinib,KMS-11,0.167824437438765,7.08067965417039,ACH-000714
Sorafenib,L-363,0.138228602717785,14.7046960229475,ACH-000183
Tipifarnib,L-363,0.114080333484941,19.5885347310092,ACH-000183
Tipifarnib,L-363,0.0328111672969727,26.7972813933102,ACH-000183
Lapatinib,L-363,0.0471355814541592,21.8114331155734,ACH-000183
Sorafenib,MCAS,0.13586717992161,17.6196171744092,ACH-000796
Tipifarnib,MCAS,0.0770223706166507,32.627108722227,ACH-000796
Tipifarnib,MCAS,0.118470765621778,999999.999999885,ACH-000796
Lapatinib,MCAS,0.0299427677655116,36.6453274851847,ACH-000796
Sorafenib,MHH-CALL-3,0.0553712502857273,37.3265010938974,ACH-000032
Tipifarnib,MHH-CALL-3,0.133364587784192,49.2259867168304,ACH-000032
Sorafenib,MKN74,0.133080707235575,13.8965551160011,ACH-000758
Tipifarnib,MKN74,0.0799853545343521,24.9487407212692,ACH-000758
Tipifarnib,MKN74,0.0416242297541472,29.6415919257134,ACH-000758
Lapatinib,MKN74,0.136175756771794,11.8409886450739,ACH-000758
Sorafenib,RKO,0.189801909734173,7.57178582234518,ACH-000943
Tipifarnib,RKO,0.0484497797848739,33.2470175011392,ACH-000943
Tipifarnib,RKO,0.0995021573549672,1214.00183913278,ACH-000943
Sorafenib,SCC-25,0.14834960697080599,13.8174979013482,ACH-000188
Tipifarnib,SCC-25,0.209097168560851,6.9299978957012,ACH-000188
Tipifarnib,SCC-25,0.165974074271566,59.2688022042723,ACH-000188
Lapatinib,SCC-25,0.364833284347017,1.16005090077465,ACH-000188
Sorafenib,SNG-M,0.118889927576792,21.7732871595412,ACH-000974
Tipifarnib,SNG-M,0.0686420404318471,29.5369918830822,ACH-000974
Tipifarnib,SNG-M,0.019096026669955,42.4105217258981,ACH-000974
Lapatinib,SNG-M,0.0260305415253785,41.2596320768466,ACH-000974
Sorafenib,HEC-50B,0.162850077795568,104.922339036216,ACH-000831
Tipifarnib,HEC-50B,0.215655426196436,100.893050072497,ACH-000831
Tipifarnib,HEC-50B,0.182476424162514,878.217185872663,ACH-000831
Lapatinib,HEC-50B,0.0291821535932164,27.6783761063176,ACH-000831
Tipifarnib,MC116,0.120710986590248,15.2971439958587,ACH-000583
Tipifarnib,MC116,0.0317948484092774,25.6133183526514,ACH-000583
Lapatinib,MC116,0.0552757927809156,20.2975205479437,ACH-000583
Tipifarnib,MOLM-16,0.718226634145214,0.0914979049307904,ACH-000369
Tipifarnib,MOLM-16,0.197690055245092,3.10339603946975,ACH-000369
Lapatinib,MOLM-16,0.117229022403406,17.4387168031589,ACH-000369
Sorafenib,SU-DHL-4,0.0769964106691956,7.89512477777541,ACH-000365
Tipifarnib,SU-DHL-4,0.121895233763314,16.6770106169268,ACH-000365
Tipifarnib,SU-DHL-4,0.0598153180397405,26.5497877345252,ACH-000365
Lapatinib,SU-DHL-4,0.178020971324257,8.61806165472496,ACH-000365
Tipifarnib,SU-DHL-6,0.582966886894926,0.24474654943204,ACH-000611
Tipifarnib,SU-DHL-6,0.15027996072439,4.28482349635631,ACH-000611
Tipifarnib,CW-2,0.43149290940141,2.33792609965625,ACH-000998
Tipifarnib,CW-2,0.115702663999342,12.8682073968971,ACH-000998
Lapatinib,CW-2,0.275249599671408,3.07343319605577,ACH-000998
Sorafenib,NCI-H2052,0.0584190515648935,12.4080046926454,ACH-000153
Tipifarnib,NCI-H2052,0.251374278148523,34.8531123321495,ACH-000153
Tipifarnib,NCI-H2052,0.045895289993742,43.2987389451105,ACH-000153
Tipifarnib,NCI-H2085,0.281367096388116,55.0097768107162,ACH-000451
Tipifarnib,NCI-H2085,0.0220581853269382,33.1783854145752,ACH-000451
Lapatinib,NCI-H2085,0.0851791127892427,21.2077270194337,ACH-000451
Tipifarnib,NCI-H520,0.20332796369647,7.89454243082208,ACH-000395
Tipifarnib,NCI-H520,0.0509036125807143,37.0400629242276,ACH-000395
Lapatinib,NCI-H520,0.0566495509334635,20.6558344405416,ACH-000395
Sorafenib,SNU-398,0.0595007541541379,10.961140065006,ACH-000221
Tipifarnib,SNU-398,0.411097231067221,1.15064111767008,ACH-000221
Tipifarnib,SNU-398,0.1876741493971,7.09098625874008,ACH-000221
Sorafenib,DBTRG-05MG,0.0692855677541863,16.121116551381,ACH-000863
Sorafenib,MDA-MB-231,0.0693936936981713,18.6526082049229,ACH-000768
Tipifarnib,MDA-MB-231,0.0753343605301833,52.2545428305205,ACH-000768
Tipifarnib,MDA-MB-231,0.0130729380539548,56.0498204211356,ACH-000768
Sorafenib,NCI-H1373,0.0882019469677909,14.9108801681974,ACH-000845
Tipifarnib,NCI-H1373,0.109719816018567,22.3759977965505,ACH-000845
Tipifarnib,NCI-H1373,0.0347454007475626,27.6439791030591,ACH-000845
Sorafenib,NCI-H1792,0.0806422096115104,20.8990997717101,ACH-000496
Tipifarnib,NCI-H1792,0.125622779366443,706.215409041755,ACH-000496
Tipifarnib,NCI-H1792,0.0217982470573526,67.6116973132789,ACH-000496
Sorafenib,NCI-H2122,0.0640222733545587,17.9864925057188,ACH-000311
Tipifarnib,NCI-H2122,0.0275157567063096,40.3994438119582,ACH-000311
Lapatinib,NCI-H2122,0.0560461643047784,28.7150858215787,ACH-000311
Sorafenib,NCI-H508,0.0610281632315745,22.4936715831636,ACH-000360
Tipifarnib,NCI-H508,0.118028370527738,25.5872433221289,ACH-000360
Tipifarnib,NCI-H508,0.0495295727429388,32.2282778379899,ACH-000360
Lapatinib,NCI-H508,0.316523909456132,0.42890688694902,ACH-000360
Sorafenib,NCI-H460,0.0728918299505343,15.0540450222807,ACH-000463
Tipifarnib,NCI-H460,0.131020971870754,80577.1311136449,ACH-000463
Sorafenib,OVCAR-4,0.0599202296572902,21.2313816121274,ACH-000617
Tipifarnib,OVCAR-4,0.134386320962901,67.4750942985552,ACH-000617
Tipifarnib,OVCAR-4,0.02586529732036,37.0726350204338,ACH-000617
Lapatinib,OVCAR-4,0.0877273503975745,16.1075589250643,ACH-000617
Sorafenib,OVCAR-8,0.0773037567747351,18.0713276054951,ACH-000696
Tipifarnib,OVCAR-8,0.0356031064764294,33.0620801077792,ACH-000696
Tipifarnib,OVCAR-8,0.0110262502812695,46.0348586382708,ACH-000696
Lapatinib,OVCAR-8,0.0388764991593635,51.0678311878843,ACH-000696
Tipifarnib,PL-21,0.331410332280428,1.62266173287391,ACH-000218
Tipifarnib,PL-21,0.118718749748403,11.0087092774263,ACH-000218
Lapatinib,PL-21,0.143929668306835,10.804886568626,ACH-000218
Sorafenib,RT-112,0.0910768387498922,17.3642145159691,ACH-000473
Tipifarnib,RT-112,0.252761817549847,17.2402152106374,ACH-000473
Lapatinib,RT-112,0.0911999302974832,14.3262195220291,ACH-000473
Tipifarnib,SKM-1,0.471614030760862,0.253914256342856,ACH-000373
Tipifarnib,SKM-1,0.144311683530463,4.49326376293001,ACH-000373
Lapatinib,SKM-1,0.129693922326763,25.0957784369448,ACH-000373
Tipifarnib,SUP-T1,0.438293297525167,0.479328664686101,ACH-000953
Tipifarnib,SUP-T1,0.137747335006759,8.97873410872693,ACH-000953
Lapatinib,SUP-T1,0.12712626810593,10.6725983839203,ACH-000953
Tipifarnib,CCK-81,0.440967081692279,0.26671049848587,ACH-000963
Tipifarnib,CCK-81,0.122127658440796,9.25321786859232,ACH-000963
Lapatinib,CCK-81,0.47299443634934,0.437160681752135,ACH-000963
Tipifarnib,COLO 201,0.119974120627814,22.0874415507249,ACH-000253
Tipifarnib,COLO 201,0.0135797498308849,42.4479891245047,ACH-000253
Tipifarnib,GDM-1,0.436590805282398,0.446430500699344,ACH-000081
Tipifarnib,GDM-1,0.159742953681519,3.99000314415131,ACH-000081
Lapatinib,GDM-1,0.143279313908296,10.6459475798821,ACH-000081
Tipifarnib,KP-N-SI9s,0.178511413707379,12.8639694493697,ACH-000446
Tipifarnib,KP-N-SI9s,0.0838561412962398,23.8348880842618,ACH-000446
Lapatinib,KP-N-SI9s,0.0525763845734144,25.540716069066,ACH-000446
Tipifarnib,NCI-H2172,0.0424838275726242,32.6621830180731,ACH-000924
Tipifarnib,NCI-H2172,0.0159214195986988,35.9281173346764,ACH-000924
Sorafenib,NCI-H2286,0.0127683503979085,957.739477911353,ACH-000912
Tipifarnib,NCI-H2286,0.361820903237296,187.680647036342,ACH-000912
Tipifarnib,NCI-H2286,0.0871448481490829,26.4821479076823,ACH-000912
Tipifarnib,NCI-H441,0.164416666258304,67.8813313203763,ACH-000638
Tipifarnib,NCI-H441,0.00630741279995053,44.5832471645118,ACH-000638
Lapatinib,NCI-H441,0.0172741461601939,35.1413010427404,ACH-000638
Tipifarnib,NOMO-1,0.27051888756886,4.67820180830898,ACH-000168
Tipifarnib,NOMO-1,0.0639572067907276,18.2547489416691,ACH-000168
Tipifarnib,Raji,0.1174076492298,12.2255220626392,ACH-000654
Tipifarnib,Raji,0.0283812332127794,26.9202009893935,ACH-000654
Lapatinib,Raji,0.163042714848399,7.44769850876865,ACH-000654
Tipifarnib,Reh,0.487071786718815,0.0865707670092023,ACH-000960
Tipifarnib,Reh,0.165875235100972,3.91689203520449,ACH-000960
Lapatinib,Reh,0.170814311552757,5.50339426657791,ACH-000960
Sorafenib,EFE-184,0.118283410007243,22.5864754539157,ACH-000435
Tipifarnib,EFE-184,0.043791508513864,55.1798117567708,ACH-000435
Sorafenib,HEC-151,0.219210176602034,6.41732581866018,ACH-000972
Tipifarnib,HEC-151,0.14295037782278,9.64224614218379,ACH-000972
Tipifarnib,HEC-151,0.0244059242496876,33.4405565185716,ACH-000972
Sorafenib,HSC-4,0.233537056432511,4.65336625349199,ACH-000546
Tipifarnib,HSC-4,0.162017960466155,56.4121084610425,ACH-000546
Tipifarnib,HSC-4,0.0214086585480056,42.9914343567811,ACH-000546
Lapatinib,HSC-4,0.294855812927192,4.90106042732349,ACH-000546
Sorafenib,SNU-840,0.0915870285202405,30.3151626963864,ACH-000280
Tipifarnib,SNU-840,0.111657672964309,36.4292073183666,ACH-000280
Lapatinib,SNU-840,0.250794744710023,7.46797196800695,ACH-000280
Sorafenib,SNU-C5,0.206845883649733,6.02016005571615,ACH-000970
Tipifarnib,SNU-C5,0.294126478194682,8.55849867291341,ACH-000970
Tipifarnib,SNU-C5,0.0552657284411458,22.5888186590321,ACH-000970
Lapatinib,SNU-C5,0.0268267599609648,28.3530664111911,ACH-000970
Sorafenib,Sq-1,0.208833405431276,6.56553009289628,ACH-000553
Tipifarnib,Sq-1,0.124784699647755,11.524719249623,ACH-000553
Tipifarnib,Sq-1,0.0525632086114386,23.2932714560089,ACH-000553
Sorafenib,THP-1,0.235259506513234,5.09568830359332,ACH-000146
Tipifarnib,THP-1,0.55281243504977,0.132530210027736,ACH-000146
Tipifarnib,THP-1,0.136061921853396,7.82433048855014,ACH-000146
Lapatinib,THP-1,0.0535501088922457,20.2840467273833,ACH-000146
Sorafenib,TYK-nu,0.208729714123157,5.90927549044804,ACH-000430
Tipifarnib,TYK-nu,0.135908594555485,13.8852232759637,ACH-000430
Tipifarnib,TYK-nu,0.0396840843249051,26.3345750860369,ACH-000430
Lapatinib,TYK-nu,0.128430046182091,10.45924404656,ACH-000430
Sorafenib,U-937,0.200363751514027,8.30749024248382,ACH-000406
Tipifarnib,U-937,0.336842772844151,1.30783410189597,ACH-000406
Tipifarnib,U-937,0.071527035067308,17.0766563431004,ACH-000406
Lapatinib,U-937,0.162038589724677,9.04621767200532,ACH-000406
Sorafenib,UM-UC-3,0.23271138623751,5.27084089278055,ACH-000522
Tipifarnib,UM-UC-3,0.134895719553318,79.0267993474339,ACH-000522
Tipifarnib,UM-UC-3,0.0458728032341558,58.7532160874349,ACH-000522
Sorafenib,LS123,0.278729359909073,3.51155910790201,ACH-000501
Tipifarnib,LS123,0.168755874470013,21.3770392014892,ACH-000501
Tipifarnib,LS123,0.158356507088653,6.61106039282923,ACH-000501
Tipifarnib,NCI-H524,0.369278865175623,0.553712174266409,ACH-000816
Lapatinib,NCI-H524,0.106483117850856,18.0532296417706,ACH-000816
Sorafenib,SK-MEL-28,0.237810735005252,4.47743853545689,ACH-000615
Sorafenib,SK-MEL-31,0.132323943496984,15.4893106265047,ACH-000640
Tipifarnib,SK-MEL-31,0.0758719020413061,482.589213107431,ACH-000640
Tipifarnib,SK-MEL-31,0.00572043265769631,69.2110357445413,ACH-000640
Sorafenib,SK-MEL-5,0.226678288349003,6.15130980948352,ACH-000730
Tipifarnib,SK-MEL-5,0.0632380571316187,21.3365136112653,ACH-000730
Sorafenib,SNU-407,0.213451099826378,6.47768725472622,ACH-000955
Tipifarnib,SNU-407,0.28940384016132,4.34457791718334,ACH-000955
Tipifarnib,SNU-407,0.0770558852051041,18.3942977114594,ACH-000955
Lapatinib,SNU-407,0.25394536382151,9.00791051646414,ACH-000955
Sorafenib,SNU-61,0.207775322705999,7.22147830612161,ACH-000532
Tipifarnib,SNU-61,0.293553964756641,4.1769699849285304,ACH-000532
Tipifarnib,SNU-61,0.0930383005833552,17.6767715206923,ACH-000532
Lapatinib,SNU-61,0.237269797131637,7.06349482508695,ACH-000532
Sorafenib,Calu-6,0.267537514345857,3.86605078032298,ACH-000264
Tipifarnib,Calu-6,0.225576921775392,3.90365875023852,ACH-000264
Tipifarnib,Calu-6,0.141038482934332,8.82645799067423,ACH-000264
Sorafenib,Caov-3,0.105515947934905,23.8488629780657,ACH-000713
Tipifarnib,Caov-3,0.234211078934722,18.2114312196757,ACH-000713
Tipifarnib,Caov-3,0.0218443227660833,70.5417344878356,ACH-000713
Lapatinib,Caov-3,0.0954640630279568,16.8627953080654,ACH-000713
Sorafenib,EBC-1,0.148956559594592,14.6693809219039,ACH-000563
Tipifarnib,EBC-1,0.078264624189787,25.5651262404656,ACH-000563
Lapatinib,EBC-1,0.213844968398786,5.74052264016877,ACH-000563
Sorafenib,HT-1376,0.0991756083730562,30.0975224190317,ACH-000724
Tipifarnib,HT-1376,0.0834874612080527,74.59660669644,ACH-000724
Tipifarnib,HT-1376,0.13988360239323,1953400446.51823,ACH-000724
Sorafenib,HT-55,0.161252397647096,7.57759469185086,ACH-000926
Tipifarnib,HT-55,0.195147083577466,19.5651371987775,ACH-000926
Tipifarnib,HT-55,0.0360674888742172,28.7465199129691,ACH-000926
Lapatinib,HT-55,0.283872230224558,3.07335839183215,ACH-000926
Sorafenib,IPC-298,0.138561618027397,16.8105385341516,ACH-000915
Tipifarnib,IPC-298,0.166798340512909,10.2522559427977,ACH-000915
Tipifarnib,IPC-298,0.0179332972862854,45.3963057165447,ACH-000915
Sorafenib,L3.3,0.155692283960691,13.3386058980931,ACH-000685
Tipifarnib,L3.3,0.0625080442412045,26.3578284317048,ACH-000685
Tipifarnib,L3.3,0.0197450810922732,85.0265261433304,ACH-000685
Sorafenib,NCI-H1755,0.209244617639784,5.58712482074206,ACH-000282
Tipifarnib,NCI-H1755,0.258468935907042,30.7211603222796,ACH-000282
Tipifarnib,NCI-H1755,0.0693690092147505,25.1279282163385,ACH-000282
Lapatinib,NCI-H1755,0.122583324057699,15.238890016649,ACH-000282
Sorafenib,OVK18,0.202448799965328,7.1053343986945,ACH-000947
Tipifarnib,OVK18,0.297550652548487,5.85033967638606,ACH-000947
Tipifarnib,OVK18,0.0650448499507822,24.8936809496909,ACH-000947
Lapatinib,OVK18,0.0698059365140292,29.1464401337038,ACH-000947
Sorafenib,SK-MEL-30,0.154005649861331,15.1847021277999,ACH-000810
Tipifarnib,SK-MEL-30,0.113811026680767,48.7426871177202,ACH-000810
Lapatinib,SK-MEL-30,0.0361154148511379,24.9366796691004,ACH-000810
Sorafenib,VMRC-RCW,0.150757830191381,15.3904676140517,ACH-000484
Tipifarnib,VMRC-RCW,0.174851091015466,89.9204717962607,ACH-000484
Tipifarnib,VMRC-RCW,0.0226524202556783,34.8966935094754,ACH-000484
Lapatinib,VMRC-RCW,0.114647539804771,11.4343342352874,ACH-000484
Tipifarnib,HCC1143,0.151175725991324,52.2351942012523,ACH-000374
Tipifarnib,HCC1143,0.026539099142685,35.8238028842849,ACH-000374
Lapatinib,HCC1143,0.112076874423309,13.2427098543348,ACH-000374
Tipifarnib,L-1236,0.134582944981456,10.4683546195777,ACH-000702
Lapatinib,L-1236,0.143454773783113,31.6528069792931,ACH-000702
Tipifarnib,LoVo,0.467597433771868,0.40359485652043,ACH-000950
Tipifarnib,LoVo,0.12826536288526,5.24747100520934,ACH-000950
Lapatinib,LoVo,0.31985052817483,5.09674205720316,ACH-000950
Tipifarnib,MDST8,0.0473771467428156,53.6033036871103,ACH-000935
Lapatinib,MDST8,0.00488683218181809,48.8041519260079,ACH-000935
Tipifarnib,NCI-H1184,0.134755377828113,13.8403358579678,ACH-000523
Tipifarnib,NCI-H1184,0.0294342666417453,26.5019504229872,ACH-000523
Lapatinib,NCI-H1184,0.104070325387723,19.8100375235087,ACH-000523
Tipifarnib,A-375,0.192756133948358,33.1743922848049,ACH-000219
Tipifarnib,A-375,0.0169155318252484,40.0830748067383,ACH-000219
Lapatinib,A-375,0.0415530533385773,23.3005283043722,ACH-000219
Tipifarnib,PK-59,0.175473399595093,21.4689034390404,ACH-000205
Tipifarnib,PK-59,0.0429918616351908,36.0454767957568,ACH-000205
Tipifarnib,RKN,0.0631330587670389,53.633602137089,ACH-000505
Tipifarnib,RMG-I,0.150951906592465,21.9279546563453,ACH-000719
Tipifarnib,RMG-I,0.0249227528387322,32.3459063472556,ACH-000719
Lapatinib,RMG-I,0.289437968983093,8.74347336081493,ACH-000719
Tipifarnib,SK-OV-3,0.118692511727624,796.71384577108,ACH-000811
Tipifarnib,SK-OV-3,0.00376998648482049,56.79208625963,ACH-000811
Lapatinib,SK-OV-3,0.131200168990767,17969.1605014707,ACH-000811
Tipifarnib,TE-1,0.177791448251663,23.4460096043376,ACH-000647
Tipifarnib,TE-1,0.0365683979983833,49.2405476825978,ACH-000647
Lapatinib,TE-1,0.0871064086898002,22.9734658374256,ACH-000647
Tipifarnib,WM1799,0.15193032466944,30.4338647078374,ACH-000661
Tipifarnib,WM1799,0.0136225260811177,40.661762273126,ACH-000661
Lapatinib,WM1799,0.0487794476014468,83.3678157124533,ACH-000661
Tipifarnib,G-361,0.215037122207884,5.3449992393233,ACH-000572
Tipifarnib,G-361,0.0465568707484072,21.1365749208639,ACH-000572
Tipifarnib,HeLa,0.0748777666287986,15.7363362288551,ACH-001086
Tipifarnib,HPAC,0.0673539689293091,18.2107985566036,ACH-000270
Tipifarnib,HPAC,0.0347322287695287,24.5895904517859,ACH-000270
Tipifarnib,Hs 852.T,0.110601211920134,26.6772531076648,ACH-000274
Tipifarnib,Hs 852.T,0.0233553387695351,31.188232442381,ACH-000274
Lapatinib,Hs 852.T,0.0401602630683989,23.7001172215114,ACH-000274
Tipifarnib,Hs 936.T,0.148832031507651,36.1126458663741,ACH-000801
Tipifarnib,Hs 936.T,0.0113571320292297,76.4450407681478,ACH-000801
Lapatinib,Hs 936.T,0.0560052837410963,24.6830495396338,ACH-000801
Tipifarnib,KYSE-70,0.229197553389327,5.78793381243852,ACH-000784
Tipifarnib,KYSE-70,0.0591659227629459,28.4114009361481,ACH-000784
Lapatinib,KYSE-70,0.105256210912032,13.228953784226,ACH-000784
Tipifarnib,NCI-H1435,0.0921805264074128,22.1112199437796,ACH-000852
Tipifarnib,NCI-H1435,0.0811203339735326,18.5297716169665,ACH-000852
Lapatinib,NCI-H1435,0.29854502463189603,2.42905555567826,ACH-000852
Tipifarnib,NCI-H2023,0.127245708708725,13.1029734215472,ACH-000781
Tipifarnib,NCI-H2023,0.0542205973449595,21.6307608645225,ACH-000781
Lapatinib,NCI-H2023,0.095438781865726,14.6940505927444,ACH-000781
Tipifarnib,NCI-H2126,0.0764935687357641,36.1632431938466,ACH-000785
Lapatinib,NCI-H2126,0.132379459839096,12.0004678149931,ACH-000785
Tipifarnib,NUGC-3,0.132205567033972,14.5823536427546,ACH-000911
Tipifarnib,NUGC-3,0.00613147943688968,44.9425590579748,ACH-000911
Lapatinib,NUGC-3,0.297339528230277,2.58415639210554,ACH-000911
Tipifarnib,Panc 05.04,0.18532560441612,22.9105155010329,ACH-000093
Tipifarnib,Panc 05.04,0.00706877257287153,50.5589126877282,ACH-000093
Lapatinib,Panc 05.04,0.202847876372056,19.3780562241845,ACH-000093
Tipifarnib,OAW28,0.144612451939522,15.6915017240682,ACH-000116
Tipifarnib,OAW28,0.0246139804335382,37.1019126736425,ACH-000116
Lapatinib,OAW28,0.268863115424377,5.11819515835141,ACH-000116
Tipifarnib,TCC-PAN2,0.097109101047815,39.4537201674526,ACH-000502
Lapatinib,TCC-PAN2,0.0350857197758293,46.4666951789552,ACH-000502
Tipifarnib,YAPC,0.134748706736046,40.4955849609246,ACH-000332
Tipifarnib,YAPC,0.0146359791468491,34.482676999805,ACH-000332
Lapatinib,YAPC,0.0423606046030957,56.7704266980653,ACH-000332
Sorafenib,ZR-75-1,6.6593199353704e-4,174.881261681257,ACH-000097
Tipifarnib,ZR-75-1,0.190194410372747,17.0025184015197,ACH-000097
Tipifarnib,ZR-75-1,0.0152415066188564,38.6105429789998,ACH-000097
Lapatinib,ZR-75-1,0.0546548709030132,32.7999424999925,ACH-000097
Sorafenib,C2BBe1,0.17212371684507,7.45845117441017,ACH-000009
Tipifarnib,C2BBe1,0.0369518731969762,23.8675502516796,ACH-000009
Lapatinib,C2BBe1,0.359627592836463,2.86284466387626,ACH-000009
Sorafenib,ChaGo-K-1,0.191537535940209,9.19897409992757,ACH-000867
Tipifarnib,ChaGo-K-1,0.161202543620818,7.06341126186569,ACH-000867
Lapatinib,ChaGo-K-1,0.102503720884446,18.0121128576483,ACH-000867
Sorafenib,COLO 668,0.226396807056367,5.37618940687421,ACH-000803
Tipifarnib,COLO 668,0.266594819711501,3.54612292957104,ACH-000803
Sorafenib,COV362,0.148237010453396,16.7764091287181,ACH-000278
Tipifarnib,COV362,0.0351317052599018,25.1409280285999,ACH-000278
Lapatinib,COV362,0.134360164632266,22.2328383374126,ACH-000278
Sorafenib,DV-90,0.217858877682097,5.96313935978589,ACH-000925
Tipifarnib,DV-90,0.255431348337606,4.26260361328015,ACH-000925
Lapatinib,DV-90,0.313893591855639,2.7591781396468,ACH-000925
Sorafenib,EFO-27,0.0830157083542766,30.6160912242021,ACH-000936
Tipifarnib,EFO-27,0.0751232932748495,36.6100955104785,ACH-000936
Sorafenib,HD-MY-Z,0.197005042910689,6.45125622563663,ACH-000190
Tipifarnib,HD-MY-Z,0.137458543291814,12.1506137314027,ACH-000190
Lapatinib,HD-MY-Z,0.129430283269623,10.5389321957827,ACH-000190
Sorafenib,NCI-H2170,0.165302539586914,11.7619419667589,ACH-000481
Tipifarnib,NCI-H2170,0.0360642692795298,24.1513981904336,ACH-000481
Lapatinib,NCI-H2170,0.379373427806231,0.700981739024152,ACH-000481
Sorafenib,NCI-H647,0.199590341733162,6.55304027967867,ACH-000378
Tipifarnib,NCI-H647,0.0260744104947735,27.8906083588738,ACH-000378
Lapatinib,NCI-H647,0.0972365722414912,10.8001606989843,ACH-000378
Sorafenib,NCI-H810,0.234416235020984,5.09329064492559,ACH-000789
Tipifarnib,NCI-H810,0.269477611331908,6.37314534842506,ACH-000789
Lapatinib,NCI-H810,0.231338466780871,5.79703430712567,ACH-000789
Sorafenib,PC-3,0.16821808864821,7.30322543414787,ACH-000090
Tipifarnib,PC-3,0.0171878574822114,32.6402861116818,ACH-000090
Sorafenib,TE-5,0.294627230640429,3.20775478206737,ACH-000408
Tipifarnib,TE-5,0.203869929745782,5.76105391209234,ACH-000408
Lapatinib,TE-5,0.282163918560429,4.69423465176568,ACH-000408
Sorafenib,UACC-257,0.153974939848947,15.2417079487893,ACH-000579
Tipifarnib,UACC-257,0.0344350743855999,27.6195629789119,ACH-000579
Sorafenib,UACC-62,0.250995511143314,3.59144689440917,ACH-000425
Tipifarnib,UACC-62,0.124362518364407,14.4501943622633,ACH-000425
Sorafenib,BICR 6,0.0801738043501588,31.3214917048226,ACH-000415
Tipifarnib,BICR 6,0.133588960439394,35.6006767476399,ACH-000415
Sorafenib,EC-GI-10,0.210697134032099,5.38713149248261,ACH-000305
Tipifarnib,EC-GI-10,0.110083461537507,35.4086850642639,ACH-000305
Lapatinib,EC-GI-10,0.307732076150149,4.92119211692131,ACH-000305
Sorafenib,EFO-21,0.135265872488937,20.8180103433612,ACH-000308
Tipifarnib,EFO-21,0.135748576445095,337.757233202682,ACH-000308
Lapatinib,EFO-21,0.0239547517305033,38188458.1678931,ACH-000308
Sorafenib,FTC-133,0.121971386626582,31.0590991210315,ACH-000903
Tipifarnib,FTC-133,0.0786118468896772,130.492220400094,ACH-000903
Sorafenib,JHUEM-3,0.0731128507430028,35.6674116834835,ACH-000173
Tipifarnib,JHUEM-3,0.0311839368291844,29.804752924929,ACH-000173
Lapatinib,JHUEM-3,0.282177858227246,13.7138429039939,ACH-000173
Sorafenib,LK-2,0.191297064000293,6.95718831007059,ACH-000769
Tipifarnib,LK-2,0.0395618823834858,23.0674048519572,ACH-000769
Lapatinib,LK-2,0.0486181380095694,21.4426329978292,ACH-000769
Sorafenib,LNCaP clone FGC,0.214867254364295,5.69763890146641,ACH-000977
Tipifarnib,LNCaP clone FGC,0.222527793208844,4.85827350589215,ACH-000977
Lapatinib,LNCaP clone FGC,0.114288548147885,8.09433403629788,ACH-000977
Sorafenib,LS1034,0.11791467425852,21.4957775981393,ACH-000252
Tipifarnib,LS1034,0.0357301426297259,24.2599035496551,ACH-000252
Lapatinib,LS1034,0.099595402545991,18.36678221272,ACH-000252
Sorafenib,MKN7,0.213925722398811,6.66206626372955,ACH-000678
Tipifarnib,MKN7,0.0528061612357228,23.7127905011446,ACH-000678
Sorafenib,HCC1428,0.161939450397111,12.3170854267315,ACH-000352
Tipifarnib,HCC1428,0.037063141490175,23.8324070023761,ACH-000352
Lapatinib,HCC1428,0.105122493685331,3640.34948262666,ACH-000352
Sorafenib,NCI-H2029,0.189884405100687,9.34259813987923,ACH-000298
Tipifarnib,NCI-H2029,0.159678506894826,20.7269829254567,ACH-000298
Lapatinib,NCI-H2029,0.0560690978971494,19.7285726602881,ACH-000298
Sorafenib,OE21,0.172859956845991,8.25302344218385,ACH-000544
Tipifarnib,OE21,0.225989360446172,5.62970801384203,ACH-000544
Lapatinib,OE21,0.409504547452268,0.812000621070516,ACH-000544
Sorafenib,MKN74,0.177523274165961,9.31368979307043,ACH-000758
Tipifarnib,MKN74,0.0278348007957497,28.4738146080905,ACH-000758
Lapatinib,MKN74,0.172396155058757,974076.088820232,ACH-000758
Tipifarnib,SH-10-TC,0.0293117658231502,26.5498723585505,ACH-000764
Sorafenib,SNU-449,0.161876689729985,15.7944706412964,ACH-000420
Tipifarnib,SNU-449,0.113951823231071,14.1390020779045,ACH-000420
Lapatinib,SNU-449,0.107700971190662,8.59903958231969,ACH-000420
Sorafenib,T3M-10,0.125760642220919,19.119856088714,ACH-000813
Tipifarnib,T3M-10,0.0234386662959906,29.1063706697447,ACH-000813
Sorafenib,CCF-STTG1,0.140100118390174,29.6512024497997,ACH-000329
Lapatinib,DK-MG,0.0708409346392256,54.1009550774054,ACH-000244
Sorafenib,GP2d,0.181229328947364,6.35612037606475,ACH-000982
Lapatinib,GP2d,0.268664292840464,23.0072097684601,ACH-000982
Lapatinib,NCI-H1869,0.275535109550579,18.3349124063679,ACH-000894
Sorafenib,HCC38,0.119537229253519,21.7793655873827,ACH-000276
Tipifarnib,HCC38,0.0949289584095579,7645.80540476278,ACH-000276
Lapatinib,HCC38,0.150674774614301,126.549858415416,ACH-000276
Sorafenib,IA-LM,0.213993579300086,5.76668693328354,ACH-000672
Tipifarnib,IA-LM,0.0437076609143276,24.8204843001044,ACH-000672
Sorafenib,JHOM-1,0.166936353701752,13.0989753778863,ACH-000237
Sorafenib,JHUEM-7,0.140816230592958,13.475016046659,ACH-000993
Tipifarnib,JHUEM-7,0.254358857145894,41.0823314999661,ACH-000993
Lapatinib,JHUEM-7,0.0944292777085108,19.5369710477574,ACH-000993
Sorafenib,JL-1,0.142446175490982,8.70555715930846,ACH-000645
Sorafenib,KYSE-450,0.134419230606987,9.34550820480054,ACH-000865
Sorafenib,LC-1/sq-SF,0.116625508388346,22.7021693312385,ACH-001113
Sorafenib,CCF-STTG1,0.129918277186035,21.9311395389856,ACH-000329
Lapatinib,BT-549,0.0331084628368626,385.695428582203,ACH-000288
Sorafenib,HeLa,0.145623523256962,8.05725481471502,ACH-001086
Lapatinib,HCC202,0.296934818296704,4.52007827651529,ACH-000725
Lapatinib,K029AX,0.0338316084214678,43.526621810293,ACH-000404
Lapatinib,KYSE-520,0.185059627116305,10.3118419553738,ACH-000637
Lapatinib,NCI-H1623,0.309342241848011,2.89704012356193,ACH-000744
Sorafenib,NCI-H716,0.329111243766408,2.04616580341228,ACH-000491
Lapatinib,NCI-H716,0.0925291720919963,14.0156155546625,ACH-000491
Tipifarnib,OE33,0.102808714345137,352725.65652533,ACH-000383
Lapatinib,PK-1,0.165068315907854,2129.11860818011,ACH-000307
Sorafenib,RERF-LC-Ad2,0.132515277656071,9.56704161041471,ACH-000774
Sorafenib,697,0.28856073502987,3.12088218331052,ACH-000070
Tipifarnib,697,0.460131245769912,0.216795798741927,ACH-000070
Lapatinib,697,0.245577868856698,3.75950957950823,ACH-000070
Tipifarnib,BL-41,0.00928576868813947,39.8187797057038,ACH-000245
Sorafenib,CA46,0.265631620049803,3.81938683815562,ACH-000440
Tipifarnib,CA46,0.335475626000705,1.28597368590976,ACH-000440
Lapatinib,CA46,0.215496999154918,4.43101840054131,ACH-000440
Tipifarnib,COR-L47,0.297413584237979,22.1541925628056,ACH-000695
Sorafenib,EB1,0.293414155816239,2.86188533914309,ACH-000877
Tipifarnib,EB1,0.40272696733611,0.672537930206391,ACH-000877
Lapatinib,EB1,0.14099313955407,15.1167116427782,ACH-000877
Sorafenib,GA-10,0.291631144622533,3.16164252262282,ACH-000162
Tipifarnib,GA-10,0.411750254663354,0.530494777692153,ACH-000162
Lapatinib,GA-10,0.261119306714403,3.68422748977556,ACH-000162
Sorafenib,MOLT-3,0.258199796074826,3.92390835612172,ACH-000964
Tipifarnib,MOLT-3,0.49224728878892,0.178844465419684,ACH-000964
Lapatinib,MOLT-3,0.257364990032166,3.51004214508694,ACH-000964
Sorafenib,OPM-2,0.283212191036947,3.30901296846117,ACH-000024
Tipifarnib,OPM-2,0.280171947079119,5.42675065642433,ACH-000024
Lapatinib,OPM-2,0.329277817851103,1.79965285438311,ACH-000024
Sorafenib,Pfeiffer,0.298062740197126,2.92732977960135,ACH-000140
Tipifarnib,Pfeiffer,0.518281080541995,0.135667411512588,ACH-000140
Lapatinib,Pfeiffer,0.158890180575431,11.4168985895951,ACH-000140
Sorafenib,SUP-M2,0.302658844741233,2.79366675954407,ACH-000226
Tipifarnib,SUP-M2,0.480637547515781,0.229422563059219,ACH-000226
Lapatinib,SUP-M2,0.245709155122448,3.70955573506653,ACH-000226
Sorafenib,Toledo,0.119559368646492,18.5883189453728,ACH-000285
Sorafenib,NCI-H1869,0.117646617794749,22.7549692568565,ACH-000894
Tipifarnib,NCI-H1869,0.104230383760019,16.1548823017659,ACH-000894
Lapatinib,NCI-H1869,0.296082991438693,13.7105572776208,ACH-000894
Sorafenib,COLO 829,0.204742529941313,10.3622604918633,ACH-000644
Tipifarnib,COLO 829,0.135453821690665,29.5967578624799,ACH-000644
Lapatinib,COLO 829,0.0231934150710596,65.4380762448127,ACH-000644
Sorafenib,DAN-G,0.166271763628729,13.7361413490705,ACH-000243
Tipifarnib,DAN-G,0.139728501755497,40.9874243427269,ACH-000243
Sorafenib,EJM,0.191146615325945,5.98157508231255,ACH-000821
Tipifarnib,EJM,0.120193217699906,18.518260391076,ACH-000821
